XP_076925062_1	b592541c4ff529cc0a76c8a67d15bf46	308	SUPERFAMILY	SSF53756	UDP-Glycosyltransferase/glycogen phosphorylase	5	303	1.1E-90	T	18-01-2026	-	-	-	-
XP_076925062_1	b592541c4ff529cc0a76c8a67d15bf46	308	Pfam	PF00201	UDP-glucoronosyl and UDP-glucosyl transferase	123	267	5.6E-22	T	18-01-2026	IPR002213	UDP-glucuronosyl/UDP-glucosyltransferase	GO:0008194(InterPro)	Reactome:R-CEL-9840309|Reactome:R-HSA-156588|Reactome:R-HSA-189483|Reactome:R-HSA-1989781|Reactome:R-HSA-5579002|Reactome:R-HSA-5579016|Reactome:R-HSA-9623433|Reactome:R-HSA-9749641|Reactome:R-HSA-9753281|Reactome:R-HSA-9754706|Reactome:R-HSA-9757110|Reactome:R-HSA-9840309|Reactome:R-MMU-156588|Reactome:R-MMU-189483|Reactome:R-MMU-9749641|Reactome:R-MMU-9753281|Reactome:R-MMU-9754706|Reactome:R-MMU-9757110|Reactome:R-MMU-9840309|Reactome:R-RNO-156588|Reactome:R-RNO-189483|Reactome:R-RNO-9749641|Reactome:R-RNO-9753281|Reactome:R-RNO-9754706|Reactome:R-RNO-9757110|Reactome:R-RNO-9840309
XP_076925062_1	b592541c4ff529cc0a76c8a67d15bf46	308	CDD	cd03784	GT1_Gtf-like	49	266	2.12779E-56	T	18-01-2026	IPR002213	UDP-glucuronosyl/UDP-glucosyltransferase	GO:0008194(InterPro)	Reactome:R-CEL-9840309|Reactome:R-HSA-156588|Reactome:R-HSA-189483|Reactome:R-HSA-1989781|Reactome:R-HSA-5579002|Reactome:R-HSA-5579016|Reactome:R-HSA-9623433|Reactome:R-HSA-9749641|Reactome:R-HSA-9753281|Reactome:R-HSA-9754706|Reactome:R-HSA-9757110|Reactome:R-HSA-9840309|Reactome:R-MMU-156588|Reactome:R-MMU-189483|Reactome:R-MMU-9749641|Reactome:R-MMU-9753281|Reactome:R-MMU-9754706|Reactome:R-MMU-9757110|Reactome:R-MMU-9840309|Reactome:R-RNO-156588|Reactome:R-RNO-189483|Reactome:R-RNO-9749641|Reactome:R-RNO-9753281|Reactome:R-RNO-9754706|Reactome:R-RNO-9757110|Reactome:R-RNO-9840309
XP_076925061_1	b592541c4ff529cc0a76c8a67d15bf46	308	SUPERFAMILY	SSF53756	UDP-Glycosyltransferase/glycogen phosphorylase	5	303	1.1E-90	T	18-01-2026	-	-	-	-
XP_076925061_1	b592541c4ff529cc0a76c8a67d15bf46	308	Pfam	PF00201	UDP-glucoronosyl and UDP-glucosyl transferase	123	267	5.6E-22	T	18-01-2026	IPR002213	UDP-glucuronosyl/UDP-glucosyltransferase	GO:0008194(InterPro)	Reactome:R-CEL-9840309|Reactome:R-HSA-156588|Reactome:R-HSA-189483|Reactome:R-HSA-1989781|Reactome:R-HSA-5579002|Reactome:R-HSA-5579016|Reactome:R-HSA-9623433|Reactome:R-HSA-9749641|Reactome:R-HSA-9753281|Reactome:R-HSA-9754706|Reactome:R-HSA-9757110|Reactome:R-HSA-9840309|Reactome:R-MMU-156588|Reactome:R-MMU-189483|Reactome:R-MMU-9749641|Reactome:R-MMU-9753281|Reactome:R-MMU-9754706|Reactome:R-MMU-9757110|Reactome:R-MMU-9840309|Reactome:R-RNO-156588|Reactome:R-RNO-189483|Reactome:R-RNO-9749641|Reactome:R-RNO-9753281|Reactome:R-RNO-9754706|Reactome:R-RNO-9757110|Reactome:R-RNO-9840309
XP_076925061_1	b592541c4ff529cc0a76c8a67d15bf46	308	CDD	cd03784	GT1_Gtf-like	49	266	2.12779E-56	T	18-01-2026	IPR002213	UDP-glucuronosyl/UDP-glucosyltransferase	GO:0008194(InterPro)	Reactome:R-CEL-9840309|Reactome:R-HSA-156588|Reactome:R-HSA-189483|Reactome:R-HSA-1989781|Reactome:R-HSA-5579002|Reactome:R-HSA-5579016|Reactome:R-HSA-9623433|Reactome:R-HSA-9749641|Reactome:R-HSA-9753281|Reactome:R-HSA-9754706|Reactome:R-HSA-9757110|Reactome:R-HSA-9840309|Reactome:R-MMU-156588|Reactome:R-MMU-189483|Reactome:R-MMU-9749641|Reactome:R-MMU-9753281|Reactome:R-MMU-9754706|Reactome:R-MMU-9757110|Reactome:R-MMU-9840309|Reactome:R-RNO-156588|Reactome:R-RNO-189483|Reactome:R-RNO-9749641|Reactome:R-RNO-9753281|Reactome:R-RNO-9754706|Reactome:R-RNO-9757110|Reactome:R-RNO-9840309
XP_076950027_1	d5bea4ac77847e5469b539cef65ba29c	351	Phobius	SIGNAL_PEPTIDE_C_REGION	C-terminal region of a signal peptide.	12	15	-	T	18-01-2026	-	-	-	-
XP_076950027_1	d5bea4ac77847e5469b539cef65ba29c	351	Phobius	NON_CYTOPLASMIC_DOMAIN	Region of a membrane-bound protein predicted to be outside the membrane, in the extracellular region.	16	351	-	T	18-01-2026	-	-	-	-
XP_076950027_1	d5bea4ac77847e5469b539cef65ba29c	351	SUPERFAMILY	SSF53756	UDP-Glycosyltransferase/glycogen phosphorylase	4	326	2.98E-86	T	18-01-2026	-	-	-	-
XP_076950027_1	d5bea4ac77847e5469b539cef65ba29c	351	CDD	cd03784	GT1_Gtf-like	71	305	6.59276E-53	T	18-01-2026	IPR002213	UDP-glucuronosyl/UDP-glucosyltransferase	GO:0008194(InterPro)	Reactome:R-CEL-9840309|Reactome:R-HSA-156588|Reactome:R-HSA-189483|Reactome:R-HSA-1989781|Reactome:R-HSA-5579002|Reactome:R-HSA-5579016|Reactome:R-HSA-9623433|Reactome:R-HSA-9749641|Reactome:R-HSA-9753281|Reactome:R-HSA-9754706|Reactome:R-HSA-9757110|Reactome:R-HSA-9840309|Reactome:R-MMU-156588|Reactome:R-MMU-189483|Reactome:R-MMU-9749641|Reactome:R-MMU-9753281|Reactome:R-MMU-9754706|Reactome:R-MMU-9757110|Reactome:R-MMU-9840309|Reactome:R-RNO-156588|Reactome:R-RNO-189483|Reactome:R-RNO-9749641|Reactome:R-RNO-9753281|Reactome:R-RNO-9754706|Reactome:R-RNO-9757110|Reactome:R-RNO-9840309
XP_076950027_1	d5bea4ac77847e5469b539cef65ba29c	351	Phobius	SIGNAL_PEPTIDE_N_REGION	N-terminal region of a signal peptide.	1	3	-	T	18-01-2026	-	-	-	-
XP_076950027_1	d5bea4ac77847e5469b539cef65ba29c	351	Phobius	SIGNAL_PEPTIDE_H_REGION	Hydrophobic region of a signal peptide.	4	11	-	T	18-01-2026	-	-	-	-
XP_076950027_1	d5bea4ac77847e5469b539cef65ba29c	351	Phobius	SIGNAL_PEPTIDE	Signal peptide region	1	15	-	T	18-01-2026	-	-	-	-
XP_076950027_1	d5bea4ac77847e5469b539cef65ba29c	351	Pfam	PF00201	UDP-glucoronosyl and UDP-glucosyl transferase	124	243	8.6E-14	T	18-01-2026	IPR002213	UDP-glucuronosyl/UDP-glucosyltransferase	GO:0008194(InterPro)	Reactome:R-CEL-9840309|Reactome:R-HSA-156588|Reactome:R-HSA-189483|Reactome:R-HSA-1989781|Reactome:R-HSA-5579002|Reactome:R-HSA-5579016|Reactome:R-HSA-9623433|Reactome:R-HSA-9749641|Reactome:R-HSA-9753281|Reactome:R-HSA-9754706|Reactome:R-HSA-9757110|Reactome:R-HSA-9840309|Reactome:R-MMU-156588|Reactome:R-MMU-189483|Reactome:R-MMU-9749641|Reactome:R-MMU-9753281|Reactome:R-MMU-9754706|Reactome:R-MMU-9757110|Reactome:R-MMU-9840309|Reactome:R-RNO-156588|Reactome:R-RNO-189483|Reactome:R-RNO-9749641|Reactome:R-RNO-9753281|Reactome:R-RNO-9754706|Reactome:R-RNO-9757110|Reactome:R-RNO-9840309
XP_076939004_1	0c7c3c33845b72b5509b67737c81fd7a	455	CDD	cd03784	GT1_Gtf-like	4	444	3.05515E-78	T	18-01-2026	IPR002213	UDP-glucuronosyl/UDP-glucosyltransferase	GO:0008194(InterPro)	Reactome:R-CEL-9840309|Reactome:R-HSA-156588|Reactome:R-HSA-189483|Reactome:R-HSA-1989781|Reactome:R-HSA-5579002|Reactome:R-HSA-5579016|Reactome:R-HSA-9623433|Reactome:R-HSA-9749641|Reactome:R-HSA-9753281|Reactome:R-HSA-9754706|Reactome:R-HSA-9757110|Reactome:R-HSA-9840309|Reactome:R-MMU-156588|Reactome:R-MMU-189483|Reactome:R-MMU-9749641|Reactome:R-MMU-9753281|Reactome:R-MMU-9754706|Reactome:R-MMU-9757110|Reactome:R-MMU-9840309|Reactome:R-RNO-156588|Reactome:R-RNO-189483|Reactome:R-RNO-9749641|Reactome:R-RNO-9753281|Reactome:R-RNO-9754706|Reactome:R-RNO-9757110|Reactome:R-RNO-9840309
XP_076939004_1	0c7c3c33845b72b5509b67737c81fd7a	455	SUPERFAMILY	SSF53756	UDP-Glycosyltransferase/glycogen phosphorylase	3	453	1.08E-117	T	18-01-2026	-	-	-	-
XP_076939004_1	0c7c3c33845b72b5509b67737c81fd7a	455	Pfam	PF00201	UDP-glucoronosyl and UDP-glucosyl transferase	262	424	1.2E-17	T	18-01-2026	IPR002213	UDP-glucuronosyl/UDP-glucosyltransferase	GO:0008194(InterPro)	Reactome:R-CEL-9840309|Reactome:R-HSA-156588|Reactome:R-HSA-189483|Reactome:R-HSA-1989781|Reactome:R-HSA-5579002|Reactome:R-HSA-5579016|Reactome:R-HSA-9623433|Reactome:R-HSA-9749641|Reactome:R-HSA-9753281|Reactome:R-HSA-9754706|Reactome:R-HSA-9757110|Reactome:R-HSA-9840309|Reactome:R-MMU-156588|Reactome:R-MMU-189483|Reactome:R-MMU-9749641|Reactome:R-MMU-9753281|Reactome:R-MMU-9754706|Reactome:R-MMU-9757110|Reactome:R-MMU-9840309|Reactome:R-RNO-156588|Reactome:R-RNO-189483|Reactome:R-RNO-9749641|Reactome:R-RNO-9753281|Reactome:R-RNO-9754706|Reactome:R-RNO-9757110|Reactome:R-RNO-9840309
XP_076928822_1	cbbade13afb12975887acfe64f8cc22f	480	CDD	cd03784	GT1_Gtf-like	9	466	3.71948E-87	T	18-01-2026	IPR002213	UDP-glucuronosyl/UDP-glucosyltransferase	GO:0008194(InterPro)	Reactome:R-CEL-9840309|Reactome:R-HSA-156588|Reactome:R-HSA-189483|Reactome:R-HSA-1989781|Reactome:R-HSA-5579002|Reactome:R-HSA-5579016|Reactome:R-HSA-9623433|Reactome:R-HSA-9749641|Reactome:R-HSA-9753281|Reactome:R-HSA-9754706|Reactome:R-HSA-9757110|Reactome:R-HSA-9840309|Reactome:R-MMU-156588|Reactome:R-MMU-189483|Reactome:R-MMU-9749641|Reactome:R-MMU-9753281|Reactome:R-MMU-9754706|Reactome:R-MMU-9757110|Reactome:R-MMU-9840309|Reactome:R-RNO-156588|Reactome:R-RNO-189483|Reactome:R-RNO-9749641|Reactome:R-RNO-9753281|Reactome:R-RNO-9754706|Reactome:R-RNO-9757110|Reactome:R-RNO-9840309
XP_076928822_1	cbbade13afb12975887acfe64f8cc22f	480	Pfam	PF00201	UDP-glucoronosyl and UDP-glucosyl transferase	237	454	6.6E-21	T	18-01-2026	IPR002213	UDP-glucuronosyl/UDP-glucosyltransferase	GO:0008194(InterPro)	Reactome:R-CEL-9840309|Reactome:R-HSA-156588|Reactome:R-HSA-189483|Reactome:R-HSA-1989781|Reactome:R-HSA-5579002|Reactome:R-HSA-5579016|Reactome:R-HSA-9623433|Reactome:R-HSA-9749641|Reactome:R-HSA-9753281|Reactome:R-HSA-9754706|Reactome:R-HSA-9757110|Reactome:R-HSA-9840309|Reactome:R-MMU-156588|Reactome:R-MMU-189483|Reactome:R-MMU-9749641|Reactome:R-MMU-9753281|Reactome:R-MMU-9754706|Reactome:R-MMU-9757110|Reactome:R-MMU-9840309|Reactome:R-RNO-156588|Reactome:R-RNO-189483|Reactome:R-RNO-9749641|Reactome:R-RNO-9753281|Reactome:R-RNO-9754706|Reactome:R-RNO-9757110|Reactome:R-RNO-9840309
XP_076928822_1	cbbade13afb12975887acfe64f8cc22f	480	Pfam	PF26168	Glycosyltransferase, N-terminal domain	12	134	4.5E-5	T	18-01-2026	IPR058980	Glycosyltransferase, N-terminal domain	-	-
XP_076928822_1	cbbade13afb12975887acfe64f8cc22f	480	SUPERFAMILY	SSF53756	UDP-Glycosyltransferase/glycogen phosphorylase	8	473	1.4E-125	T	18-01-2026	-	-	-	-
XP_076898935_1	8b6c59693e37b300166b5a6713a5254e	476	CDD	cd03784	GT1_Gtf-like	16	452	6.58384E-80	T	18-01-2026	IPR002213	UDP-glucuronosyl/UDP-glucosyltransferase	GO:0008194(InterPro)	Reactome:R-CEL-9840309|Reactome:R-HSA-156588|Reactome:R-HSA-189483|Reactome:R-HSA-1989781|Reactome:R-HSA-5579002|Reactome:R-HSA-5579016|Reactome:R-HSA-9623433|Reactome:R-HSA-9749641|Reactome:R-HSA-9753281|Reactome:R-HSA-9754706|Reactome:R-HSA-9757110|Reactome:R-HSA-9840309|Reactome:R-MMU-156588|Reactome:R-MMU-189483|Reactome:R-MMU-9749641|Reactome:R-MMU-9753281|Reactome:R-MMU-9754706|Reactome:R-MMU-9757110|Reactome:R-MMU-9840309|Reactome:R-RNO-156588|Reactome:R-RNO-189483|Reactome:R-RNO-9749641|Reactome:R-RNO-9753281|Reactome:R-RNO-9754706|Reactome:R-RNO-9757110|Reactome:R-RNO-9840309
XP_076898935_1	8b6c59693e37b300166b5a6713a5254e	476	Pfam	PF26168	Glycosyltransferase, N-terminal domain	20	135	0.0029	T	18-01-2026	IPR058980	Glycosyltransferase, N-terminal domain	-	-
XP_076898935_1	8b6c59693e37b300166b5a6713a5254e	476	SUPERFAMILY	SSF53756	UDP-Glycosyltransferase/glycogen phosphorylase	14	469	2.48E-113	T	18-01-2026	-	-	-	-
XP_076898935_1	8b6c59693e37b300166b5a6713a5254e	476	Pfam	PF00201	UDP-glucoronosyl and UDP-glucosyl transferase	220	439	3.0E-20	T	18-01-2026	IPR002213	UDP-glucuronosyl/UDP-glucosyltransferase	GO:0008194(InterPro)	Reactome:R-CEL-9840309|Reactome:R-HSA-156588|Reactome:R-HSA-189483|Reactome:R-HSA-1989781|Reactome:R-HSA-5579002|Reactome:R-HSA-5579016|Reactome:R-HSA-9623433|Reactome:R-HSA-9749641|Reactome:R-HSA-9753281|Reactome:R-HSA-9754706|Reactome:R-HSA-9757110|Reactome:R-HSA-9840309|Reactome:R-MMU-156588|Reactome:R-MMU-189483|Reactome:R-MMU-9749641|Reactome:R-MMU-9753281|Reactome:R-MMU-9754706|Reactome:R-MMU-9757110|Reactome:R-MMU-9840309|Reactome:R-RNO-156588|Reactome:R-RNO-189483|Reactome:R-RNO-9749641|Reactome:R-RNO-9753281|Reactome:R-RNO-9754706|Reactome:R-RNO-9757110|Reactome:R-RNO-9840309
XP_076895540_1	52ae891b22619f44a8c31836ac7b3119	469	Pfam	PF26168	Glycosyltransferase, N-terminal domain	15	248	6.7E-75	T	18-01-2026	IPR058980	Glycosyltransferase, N-terminal domain	-	-
XP_076895540_1	52ae891b22619f44a8c31836ac7b3119	469	Pfam	PF00201	UDP-glucoronosyl and UDP-glucosyl transferase	272	428	5.5E-17	T	18-01-2026	IPR002213	UDP-glucuronosyl/UDP-glucosyltransferase	GO:0008194(InterPro)	Reactome:R-CEL-9840309|Reactome:R-HSA-156588|Reactome:R-HSA-189483|Reactome:R-HSA-1989781|Reactome:R-HSA-5579002|Reactome:R-HSA-5579016|Reactome:R-HSA-9623433|Reactome:R-HSA-9749641|Reactome:R-HSA-9753281|Reactome:R-HSA-9754706|Reactome:R-HSA-9757110|Reactome:R-HSA-9840309|Reactome:R-MMU-156588|Reactome:R-MMU-189483|Reactome:R-MMU-9749641|Reactome:R-MMU-9753281|Reactome:R-MMU-9754706|Reactome:R-MMU-9757110|Reactome:R-MMU-9840309|Reactome:R-RNO-156588|Reactome:R-RNO-189483|Reactome:R-RNO-9749641|Reactome:R-RNO-9753281|Reactome:R-RNO-9754706|Reactome:R-RNO-9757110|Reactome:R-RNO-9840309
XP_076895540_1	52ae891b22619f44a8c31836ac7b3119	469	CDD	cd03784	GT1_Gtf-like	16	447	1.82959E-57	T	18-01-2026	IPR002213	UDP-glucuronosyl/UDP-glucosyltransferase	GO:0008194(InterPro)	Reactome:R-CEL-9840309|Reactome:R-HSA-156588|Reactome:R-HSA-189483|Reactome:R-HSA-1989781|Reactome:R-HSA-5579002|Reactome:R-HSA-5579016|Reactome:R-HSA-9623433|Reactome:R-HSA-9749641|Reactome:R-HSA-9753281|Reactome:R-HSA-9754706|Reactome:R-HSA-9757110|Reactome:R-HSA-9840309|Reactome:R-MMU-156588|Reactome:R-MMU-189483|Reactome:R-MMU-9749641|Reactome:R-MMU-9753281|Reactome:R-MMU-9754706|Reactome:R-MMU-9757110|Reactome:R-MMU-9840309|Reactome:R-RNO-156588|Reactome:R-RNO-189483|Reactome:R-RNO-9749641|Reactome:R-RNO-9753281|Reactome:R-RNO-9754706|Reactome:R-RNO-9757110|Reactome:R-RNO-9840309
XP_076895540_1	52ae891b22619f44a8c31836ac7b3119	469	SUPERFAMILY	SSF53756	UDP-Glycosyltransferase/glycogen phosphorylase	14	469	8.52E-96	T	18-01-2026	-	-	-	-
XP_076925126_1	e15a109f4cedd59d943b6e95da1fb327	487	Pfam	PF26168	Glycosyltransferase, N-terminal domain	20	141	4.5E-4	T	18-01-2026	IPR058980	Glycosyltransferase, N-terminal domain	-	-
XP_076925126_1	e15a109f4cedd59d943b6e95da1fb327	487	CDD	cd03784	GT1_Gtf-like	16	473	7.10335E-78	T	18-01-2026	IPR002213	UDP-glucuronosyl/UDP-glucosyltransferase	GO:0008194(InterPro)	Reactome:R-CEL-9840309|Reactome:R-HSA-156588|Reactome:R-HSA-189483|Reactome:R-HSA-1989781|Reactome:R-HSA-5579002|Reactome:R-HSA-5579016|Reactome:R-HSA-9623433|Reactome:R-HSA-9749641|Reactome:R-HSA-9753281|Reactome:R-HSA-9754706|Reactome:R-HSA-9757110|Reactome:R-HSA-9840309|Reactome:R-MMU-156588|Reactome:R-MMU-189483|Reactome:R-MMU-9749641|Reactome:R-MMU-9753281|Reactome:R-MMU-9754706|Reactome:R-MMU-9757110|Reactome:R-MMU-9840309|Reactome:R-RNO-156588|Reactome:R-RNO-189483|Reactome:R-RNO-9749641|Reactome:R-RNO-9753281|Reactome:R-RNO-9754706|Reactome:R-RNO-9757110|Reactome:R-RNO-9840309
XP_076925126_1	e15a109f4cedd59d943b6e95da1fb327	487	Pfam	PF00201	UDP-glucoronosyl and UDP-glucosyl transferase	301	448	3.6E-21	T	18-01-2026	IPR002213	UDP-glucuronosyl/UDP-glucosyltransferase	GO:0008194(InterPro)	Reactome:R-CEL-9840309|Reactome:R-HSA-156588|Reactome:R-HSA-189483|Reactome:R-HSA-1989781|Reactome:R-HSA-5579002|Reactome:R-HSA-5579016|Reactome:R-HSA-9623433|Reactome:R-HSA-9749641|Reactome:R-HSA-9753281|Reactome:R-HSA-9754706|Reactome:R-HSA-9757110|Reactome:R-HSA-9840309|Reactome:R-MMU-156588|Reactome:R-MMU-189483|Reactome:R-MMU-9749641|Reactome:R-MMU-9753281|Reactome:R-MMU-9754706|Reactome:R-MMU-9757110|Reactome:R-MMU-9840309|Reactome:R-RNO-156588|Reactome:R-RNO-189483|Reactome:R-RNO-9749641|Reactome:R-RNO-9753281|Reactome:R-RNO-9754706|Reactome:R-RNO-9757110|Reactome:R-RNO-9840309
XP_076925126_1	e15a109f4cedd59d943b6e95da1fb327	487	SUPERFAMILY	SSF53756	UDP-Glycosyltransferase/glycogen phosphorylase	15	476	7.68E-123	T	18-01-2026	-	-	-	-
XP_076904787_1	e11093e687fceb703963610cc2456d61	621	Phobius	TRANSMEMBRANE	Region of a membrane-bound protein predicted to be embedded in the membrane.	6	27	-	T	18-01-2026	-	-	-	-
XP_076904787_1	e11093e687fceb703963610cc2456d61	621	SUPERFAMILY	SSF48264	Cytochrome P450	43	473	1.07E-87	T	18-01-2026	IPR036396	Cytochrome P450 superfamily	GO:0004497(InterPro)|GO:0005506(InterPro)|GO:0016705(InterPro)|GO:0020037(InterPro)	Reactome:R-BTA-191273|Reactome:R-BTA-193048|Reactome:R-BTA-193993|Reactome:R-BTA-194002|Reactome:R-BTA-197264|Reactome:R-BTA-211916|Reactome:R-BTA-211935|Reactome:R-BTA-211958|Reactome:R-BTA-211976|Reactome:R-BTA-211979|Reactome:R-BTA-211981|Reactome:R-BTA-211999|Reactome:R-BTA-2162123|Reactome:R-BTA-5365859|Reactome:R-BTA-9027307|Reactome:R-BTA-9749641|Reactome:R-CEL-196791|Reactome:R-CEL-211916|Reactome:R-CEL-211935|Reactome:R-CEL-211945|Reactome:R-CEL-211958|Reactome:R-CEL-211981|Reactome:R-CEL-211999|Reactome:R-CEL-2142670|Reactome:R-CEL-2142816|Reactome:R-CEL-5423646|Reactome:R-CEL-9027307|Reactome:R-CEL-9749641|Reactome:R-CEL-9753281|Reactome:R-CFA-211945|Reactome:R-CFA-211958|Reactome:R-CFA-211981|Reactome:R-CFA-211999|Reactome:R-CFA-5423646|Reactome:R-CFA-9027307|Reactome:R-CFA-9749641|Reactome:R-CFA-9753281|Reactome:R-CFA-9754706|Reactome:R-CFA-9757110|Reactome:R-DDI-191273|Reactome:R-DDI-193993|Reactome:R-DDI-194002|Reactome:R-DDI-196791|Reactome:R-DDI-211916|Reactome:R-DDI-211935|Reactome:R-DDI-211945|Reactome:R-DDI-211958|Reactome:R-DDI-211976|Reactome:R-DDI-211981|Reactome:R-DDI-211999|Reactome:R-DDI-2142670|Reactome:R-DDI-2142816|Reactome:R-DDI-5423646|Reactome:R-DDI-9027307|Reactome:R-DDI-9749641|Reactome:R-DDI-9753281|Reactome:R-DME-193144|Reactome:R-DME-196791|Reactome:R-DME-211916|Reactome:R-DME-211935|Reactome:R-DME-211945|Reactome:R-DME-211958|Reactome:R-DME-211976|Reactome:R-DME-211981|Reactome:R-DME-211999|Reactome:R-DME-2142670|Reactome:R-DME-2142816|Reactome:R-DME-2453902|Reactome:R-DME-5423646|Reactome:R-DME-9027307|Reactome:R-DME-9749641|Reactome:R-DME-9753281|Reactome:R-DRE-191273|Reactome:R-DRE-193144|Reactome:R-DRE-197264|Reactome:R-DRE-211916|Reactome:R-DRE-211958|Reactome:R-DRE-211976|Reactome:R-DRE-211979|Reactome:R-DRE-211981|Reactome:R-DRE-2162123|Reactome:R-DRE-5365859|Reactome:R-HSA-156581|Reactome:R-HSA-191273|Reactome:R-HSA-192105|Reactome:R-HSA-193048|Reactome:R-HSA-193144|Reactome:R-HSA-193368|Reactome:R-HSA-193775|Reactome:R-HSA-193807|Reactome:R-HSA-193993|Reactome:R-HSA-194002|Reactome:R-HSA-196108|Reactome:R-HSA-196791|Reactome:R-HSA-197264|Reactome:R-HSA-1989781|Reactome:R-HSA-211916|Reactome:R-HSA-211935|Reactome:R-HSA-211945|Reactome:R-HSA-211957|Reactome:R-HSA-211958|Reactome:R-HSA-211976|Reactome:R-HSA-211979|Reactome:R-HSA-211981|Reactome:R-HSA-211994|Reactome:R-HSA-211999|Reactome:R-HSA-2142670|Reactome:R-HSA-2142691|Reactome:R-HSA-2142816|Reactome:R-HSA-2162123|Reactome:R-HSA-2426168|Reactome:R-HSA-2453902|Reactome:R-HSA-5365859|Reactome:R-HSA-5423646|Reactome:R-HSA-5578996|Reactome:R-HSA-5579000|Reactome:R-HSA-5579004|Reactome:R-HSA-5579005|Reactome:R-HSA-5579009|Reactome:R-HSA-5579010|Reactome:R-HSA-5579011|Reactome:R-HSA-5579013|Reactome:R-HSA-5579014|Reactome:R-HSA-5579015|Reactome:R-HSA-5579017|Reactome:R-HSA-5579021|Reactome:R-HSA-5579026|Reactome:R-HSA-5579027|Reactome:R-HSA-5579028|Reactome:R-HSA-5579030|Reactome:R-HSA-5579032|Reactome:R-HSA-9018681|Reactome:R-HSA-9027307|Reactome:R-HSA-9619665|Reactome:R-HSA-9749641|Reactome:R-HSA-9753281|Reactome:R-HSA-9754706|Reactome:R-HSA-9757110|Reactome:R-MMU-156581|Reactome:R-MMU-191273|Reactome:R-MMU-192105|Reactome:R-MMU-193048|Reactome:R-MMU-193144|Reactome:R-MMU-193368|Reactome:R-MMU-193775|Reactome:R-MMU-193807|Reactome:R-MMU-193993|Reactome:R-MMU-194002|Reactome:R-MMU-196108|Reactome:R-MMU-196791|Reactome:R-MMU-197264|Reactome:R-MMU-211916|Reactome:R-MMU-211935|Reactome:R-MMU-211945|Reactome:R-MMU-211957|Reactome:R-MMU-211958|Reactome:R-MMU-211976|Reactome:R-MMU-211979|Reactome:R-MMU-211981|Reactome:R-MMU-211994|Reactome:R-MMU-211999|Reactome:R-MMU-2142670|Reactome:R-MMU-2142691|Reactome:R-MMU-2142816|Reactome:R-MMU-2162123|Reactome:R-MMU-2453902|Reactome:R-MMU-5365859|Reactome:R-MMU-5423646|Reactome:R-MMU-9018681|Reactome:R-MMU-9027307|Reactome:R-MMU-9749641|Reactome:R-MMU-9753281|Reactome:R-MMU-9754706|Reactome:R-MMU-9757110|Reactome:R-RNO-156581|Reactome:R-RNO-191273|Reactome:R-RNO-192105|Reactome:R-RNO-193048|Reactome:R-RNO-193144|Reactome:R-RNO-193368|Reactome:R-RNO-193775|Reactome:R-RNO-193807|Reactome:R-RNO-193993|Reactome:R-RNO-194002|Reactome:R-RNO-196108|Reactome:R-RNO-196791|Reactome:R-RNO-197264|Reactome:R-RNO-211916|Reactome:R-RNO-211935|Reactome:R-RNO-211945|Reactome:R-RNO-211957|Reactome:R-RNO-211958|Reactome:R-RNO-211976|Reactome:R-RNO-211979|Reactome:R-RNO-211981|Reactome:R-RNO-211999|Reactome:R-RNO-2142670|Reactome:R-RNO-2142691|Reactome:R-RNO-2142816|Reactome:R-RNO-2162123|Reactome:R-RNO-2453902|Reactome:R-RNO-5365859|Reactome:R-RNO-5423646|Reactome:R-RNO-9018681|Reactome:R-RNO-9027307|Reactome:R-RNO-9749641|Reactome:R-RNO-9753281|Reactome:R-RNO-9754706|Reactome:R-RNO-9757110|Reactome:R-SCE-191273|Reactome:R-SCE-211976|Reactome:R-SPO-191273|Reactome:R-SPO-211976|Reactome:R-SSC-191273|Reactome:R-SSC-192105|Reactome:R-SSC-193048|Reactome:R-SSC-193368|Reactome:R-SSC-193807|Reactome:R-SSC-193993|Reactome:R-SSC-194002|Reactome:R-SSC-196108|Reactome:R-SSC-211935|Reactome:R-SSC-211958|Reactome:R-SSC-211976|Reactome:R-SSC-211979|Reactome:R-SSC-2142691|Reactome:R-SSC-2142816|Reactome:R-SSC-2162123|Reactome:R-XTR-211916|Reactome:R-XTR-5365859
XP_076904787_1	e11093e687fceb703963610cc2456d61	621	TMHMM	TMhelix	Region of a membrane-bound protein predicted to be embedded in the membrane.	5	27	-	T	18-01-2026	-	-	-	-
XP_076904787_1	e11093e687fceb703963610cc2456d61	621	Pfam	PF00067	Cytochrome P450	48	471	4.2E-72	T	18-01-2026	IPR001128	Cytochrome P450	GO:0004497(InterPro)|GO:0005506(InterPro)|GO:0016705(InterPro)|GO:0020037(InterPro)	Reactome:R-BTA-191273|Reactome:R-BTA-193048|Reactome:R-BTA-193993|Reactome:R-BTA-194002|Reactome:R-BTA-197264|Reactome:R-BTA-211916|Reactome:R-BTA-211935|Reactome:R-BTA-211958|Reactome:R-BTA-211976|Reactome:R-BTA-211979|Reactome:R-BTA-211981|Reactome:R-BTA-211999|Reactome:R-BTA-2162123|Reactome:R-BTA-5365859|Reactome:R-BTA-9027307|Reactome:R-BTA-9749641|Reactome:R-CEL-196791|Reactome:R-CEL-211916|Reactome:R-CEL-211935|Reactome:R-CEL-211945|Reactome:R-CEL-211958|Reactome:R-CEL-211981|Reactome:R-CEL-211999|Reactome:R-CEL-2142670|Reactome:R-CEL-2142816|Reactome:R-CEL-5423646|Reactome:R-CEL-9027307|Reactome:R-CEL-9749641|Reactome:R-CEL-9753281|Reactome:R-CFA-211945|Reactome:R-CFA-211958|Reactome:R-CFA-211981|Reactome:R-CFA-211999|Reactome:R-CFA-5423646|Reactome:R-CFA-9027307|Reactome:R-CFA-9749641|Reactome:R-CFA-9753281|Reactome:R-CFA-9754706|Reactome:R-CFA-9757110|Reactome:R-DDI-191273|Reactome:R-DDI-193993|Reactome:R-DDI-194002|Reactome:R-DDI-196791|Reactome:R-DDI-211916|Reactome:R-DDI-211935|Reactome:R-DDI-211945|Reactome:R-DDI-211958|Reactome:R-DDI-211976|Reactome:R-DDI-211981|Reactome:R-DDI-211999|Reactome:R-DDI-2142670|Reactome:R-DDI-2142816|Reactome:R-DDI-5423646|Reactome:R-DDI-9027307|Reactome:R-DDI-9749641|Reactome:R-DDI-9753281|Reactome:R-DME-193144|Reactome:R-DME-196791|Reactome:R-DME-211916|Reactome:R-DME-211935|Reactome:R-DME-211945|Reactome:R-DME-211958|Reactome:R-DME-211976|Reactome:R-DME-211981|Reactome:R-DME-211999|Reactome:R-DME-2142670|Reactome:R-DME-2142816|Reactome:R-DME-2453902|Reactome:R-DME-5423646|Reactome:R-DME-9027307|Reactome:R-DME-9749641|Reactome:R-DME-9753281|Reactome:R-DRE-191273|Reactome:R-DRE-193144|Reactome:R-DRE-197264|Reactome:R-DRE-211916|Reactome:R-DRE-211958|Reactome:R-DRE-211976|Reactome:R-DRE-211979|Reactome:R-DRE-211981|Reactome:R-DRE-2162123|Reactome:R-DRE-5365859|Reactome:R-HSA-156581|Reactome:R-HSA-191273|Reactome:R-HSA-192105|Reactome:R-HSA-193048|Reactome:R-HSA-193144|Reactome:R-HSA-193368|Reactome:R-HSA-193775|Reactome:R-HSA-193807|Reactome:R-HSA-193993|Reactome:R-HSA-194002|Reactome:R-HSA-196108|Reactome:R-HSA-196791|Reactome:R-HSA-197264|Reactome:R-HSA-1989781|Reactome:R-HSA-211916|Reactome:R-HSA-211935|Reactome:R-HSA-211945|Reactome:R-HSA-211957|Reactome:R-HSA-211958|Reactome:R-HSA-211976|Reactome:R-HSA-211979|Reactome:R-HSA-211981|Reactome:R-HSA-211994|Reactome:R-HSA-211999|Reactome:R-HSA-2142670|Reactome:R-HSA-2142691|Reactome:R-HSA-2142816|Reactome:R-HSA-2162123|Reactome:R-HSA-2426168|Reactome:R-HSA-2453902|Reactome:R-HSA-5365859|Reactome:R-HSA-5423646|Reactome:R-HSA-5578996|Reactome:R-HSA-5579000|Reactome:R-HSA-5579004|Reactome:R-HSA-5579005|Reactome:R-HSA-5579009|Reactome:R-HSA-5579010|Reactome:R-HSA-5579011|Reactome:R-HSA-5579013|Reactome:R-HSA-5579014|Reactome:R-HSA-5579015|Reactome:R-HSA-5579017|Reactome:R-HSA-5579021|Reactome:R-HSA-5579026|Reactome:R-HSA-5579027|Reactome:R-HSA-5579028|Reactome:R-HSA-5579030|Reactome:R-HSA-5579032|Reactome:R-HSA-9018681|Reactome:R-HSA-9027307|Reactome:R-HSA-9619665|Reactome:R-HSA-9749641|Reactome:R-HSA-9753281|Reactome:R-HSA-9754706|Reactome:R-HSA-9757110|Reactome:R-MMU-156581|Reactome:R-MMU-191273|Reactome:R-MMU-192105|Reactome:R-MMU-193048|Reactome:R-MMU-193144|Reactome:R-MMU-193368|Reactome:R-MMU-193775|Reactome:R-MMU-193807|Reactome:R-MMU-193993|Reactome:R-MMU-194002|Reactome:R-MMU-196108|Reactome:R-MMU-196791|Reactome:R-MMU-197264|Reactome:R-MMU-211916|Reactome:R-MMU-211935|Reactome:R-MMU-211945|Reactome:R-MMU-211957|Reactome:R-MMU-211958|Reactome:R-MMU-211976|Reactome:R-MMU-211979|Reactome:R-MMU-211981|Reactome:R-MMU-211994|Reactome:R-MMU-211999|Reactome:R-MMU-2142670|Reactome:R-MMU-2142691|Reactome:R-MMU-2142816|Reactome:R-MMU-2162123|Reactome:R-MMU-2453902|Reactome:R-MMU-5365859|Reactome:R-MMU-5423646|Reactome:R-MMU-9018681|Reactome:R-MMU-9027307|Reactome:R-MMU-9749641|Reactome:R-MMU-9753281|Reactome:R-MMU-9754706|Reactome:R-MMU-9757110|Reactome:R-RNO-156581|Reactome:R-RNO-191273|Reactome:R-RNO-192105|Reactome:R-RNO-193048|Reactome:R-RNO-193144|Reactome:R-RNO-193368|Reactome:R-RNO-193775|Reactome:R-RNO-193807|Reactome:R-RNO-193993|Reactome:R-RNO-194002|Reactome:R-RNO-196108|Reactome:R-RNO-196791|Reactome:R-RNO-197264|Reactome:R-RNO-211916|Reactome:R-RNO-211935|Reactome:R-RNO-211945|Reactome:R-RNO-211957|Reactome:R-RNO-211958|Reactome:R-RNO-211976|Reactome:R-RNO-211979|Reactome:R-RNO-211981|Reactome:R-RNO-211999|Reactome:R-RNO-2142670|Reactome:R-RNO-2142691|Reactome:R-RNO-2142816|Reactome:R-RNO-2162123|Reactome:R-RNO-2453902|Reactome:R-RNO-5365859|Reactome:R-RNO-5423646|Reactome:R-RNO-9018681|Reactome:R-RNO-9027307|Reactome:R-RNO-9749641|Reactome:R-RNO-9753281|Reactome:R-RNO-9754706|Reactome:R-RNO-9757110|Reactome:R-SCE-191273|Reactome:R-SCE-211976|Reactome:R-SPO-191273|Reactome:R-SPO-211976|Reactome:R-SSC-191273|Reactome:R-SSC-192105|Reactome:R-SSC-193048|Reactome:R-SSC-193368|Reactome:R-SSC-193807|Reactome:R-SSC-193993|Reactome:R-SSC-194002|Reactome:R-SSC-196108|Reactome:R-SSC-211935|Reactome:R-SSC-211958|Reactome:R-SSC-211976|Reactome:R-SSC-211979|Reactome:R-SSC-2142691|Reactome:R-SSC-2142816|Reactome:R-SSC-2162123|Reactome:R-XTR-211916|Reactome:R-XTR-5365859
XP_076904787_1	e11093e687fceb703963610cc2456d61	621	Pfam	PF00201	UDP-glucoronosyl and UDP-glucosyl transferase	487	582	3.5E-20	T	18-01-2026	IPR002213	UDP-glucuronosyl/UDP-glucosyltransferase	GO:0008194(InterPro)	Reactome:R-CEL-9840309|Reactome:R-HSA-156588|Reactome:R-HSA-189483|Reactome:R-HSA-1989781|Reactome:R-HSA-5579002|Reactome:R-HSA-5579016|Reactome:R-HSA-9623433|Reactome:R-HSA-9749641|Reactome:R-HSA-9753281|Reactome:R-HSA-9754706|Reactome:R-HSA-9757110|Reactome:R-HSA-9840309|Reactome:R-MMU-156588|Reactome:R-MMU-189483|Reactome:R-MMU-9749641|Reactome:R-MMU-9753281|Reactome:R-MMU-9754706|Reactome:R-MMU-9757110|Reactome:R-MMU-9840309|Reactome:R-RNO-156588|Reactome:R-RNO-189483|Reactome:R-RNO-9749641|Reactome:R-RNO-9753281|Reactome:R-RNO-9754706|Reactome:R-RNO-9757110|Reactome:R-RNO-9840309
XP_076904787_1	e11093e687fceb703963610cc2456d61	621	SUPERFAMILY	SSF53756	UDP-Glycosyltransferase/glycogen phosphorylase	475	620	1.88E-48	T	18-01-2026	-	-	-	-
XP_076904787_1	e11093e687fceb703963610cc2456d61	621	CDD	cd03784	GT1_Gtf-like	457	590	8.68973E-37	T	18-01-2026	IPR002213	UDP-glucuronosyl/UDP-glucosyltransferase	GO:0008194(InterPro)	Reactome:R-CEL-9840309|Reactome:R-HSA-156588|Reactome:R-HSA-189483|Reactome:R-HSA-1989781|Reactome:R-HSA-5579002|Reactome:R-HSA-5579016|Reactome:R-HSA-9623433|Reactome:R-HSA-9749641|Reactome:R-HSA-9753281|Reactome:R-HSA-9754706|Reactome:R-HSA-9757110|Reactome:R-HSA-9840309|Reactome:R-MMU-156588|Reactome:R-MMU-189483|Reactome:R-MMU-9749641|Reactome:R-MMU-9753281|Reactome:R-MMU-9754706|Reactome:R-MMU-9757110|Reactome:R-MMU-9840309|Reactome:R-RNO-156588|Reactome:R-RNO-189483|Reactome:R-RNO-9749641|Reactome:R-RNO-9753281|Reactome:R-RNO-9754706|Reactome:R-RNO-9757110|Reactome:R-RNO-9840309
XP_076904787_1	e11093e687fceb703963610cc2456d61	621	Phobius	NON_CYTOPLASMIC_DOMAIN	Region of a membrane-bound protein predicted to be outside the membrane, in the extracellular region.	1	5	-	T	18-01-2026	-	-	-	-
XP_076904787_1	e11093e687fceb703963610cc2456d61	621	Phobius	CYTOPLASMIC_DOMAIN	Region of a membrane-bound protein predicted to be outside the membrane, in the cytoplasm.	28	621	-	T	18-01-2026	-	-	-	-
XP_076954810_1	2a0402375124ee8e1b7dd555c4ee424c	477	Phobius	SIGNAL_PEPTIDE_N_REGION	N-terminal region of a signal peptide.	1	6	-	T	18-01-2026	-	-	-	-
XP_076954810_1	2a0402375124ee8e1b7dd555c4ee424c	477	SUPERFAMILY	SSF53756	UDP-Glycosyltransferase/glycogen phosphorylase	9	471	1.48E-110	T	18-01-2026	-	-	-	-
XP_076954810_1	2a0402375124ee8e1b7dd555c4ee424c	477	Phobius	NON_CYTOPLASMIC_DOMAIN	Region of a membrane-bound protein predicted to be outside the membrane, in the extracellular region.	20	477	-	T	18-01-2026	-	-	-	-
XP_076954810_1	2a0402375124ee8e1b7dd555c4ee424c	477	Phobius	SIGNAL_PEPTIDE_C_REGION	C-terminal region of a signal peptide.	16	19	-	T	18-01-2026	-	-	-	-
XP_076954810_1	2a0402375124ee8e1b7dd555c4ee424c	477	CDD	cd03784	GT1_Gtf-like	9	451	5.19285E-83	T	18-01-2026	IPR002213	UDP-glucuronosyl/UDP-glucosyltransferase	GO:0008194(InterPro)	Reactome:R-CEL-9840309|Reactome:R-HSA-156588|Reactome:R-HSA-189483|Reactome:R-HSA-1989781|Reactome:R-HSA-5579002|Reactome:R-HSA-5579016|Reactome:R-HSA-9623433|Reactome:R-HSA-9749641|Reactome:R-HSA-9753281|Reactome:R-HSA-9754706|Reactome:R-HSA-9757110|Reactome:R-HSA-9840309|Reactome:R-MMU-156588|Reactome:R-MMU-189483|Reactome:R-MMU-9749641|Reactome:R-MMU-9753281|Reactome:R-MMU-9754706|Reactome:R-MMU-9757110|Reactome:R-MMU-9840309|Reactome:R-RNO-156588|Reactome:R-RNO-189483|Reactome:R-RNO-9749641|Reactome:R-RNO-9753281|Reactome:R-RNO-9754706|Reactome:R-RNO-9757110|Reactome:R-RNO-9840309
XP_076954810_1	2a0402375124ee8e1b7dd555c4ee424c	477	Phobius	SIGNAL_PEPTIDE	Signal peptide region	1	19	-	T	18-01-2026	-	-	-	-
XP_076954810_1	2a0402375124ee8e1b7dd555c4ee424c	477	Pfam	PF00201	UDP-glucoronosyl and UDP-glucosyl transferase	273	402	7.2E-20	T	18-01-2026	IPR002213	UDP-glucuronosyl/UDP-glucosyltransferase	GO:0008194(InterPro)	Reactome:R-CEL-9840309|Reactome:R-HSA-156588|Reactome:R-HSA-189483|Reactome:R-HSA-1989781|Reactome:R-HSA-5579002|Reactome:R-HSA-5579016|Reactome:R-HSA-9623433|Reactome:R-HSA-9749641|Reactome:R-HSA-9753281|Reactome:R-HSA-9754706|Reactome:R-HSA-9757110|Reactome:R-HSA-9840309|Reactome:R-MMU-156588|Reactome:R-MMU-189483|Reactome:R-MMU-9749641|Reactome:R-MMU-9753281|Reactome:R-MMU-9754706|Reactome:R-MMU-9757110|Reactome:R-MMU-9840309|Reactome:R-RNO-156588|Reactome:R-RNO-189483|Reactome:R-RNO-9749641|Reactome:R-RNO-9753281|Reactome:R-RNO-9754706|Reactome:R-RNO-9757110|Reactome:R-RNO-9840309
XP_076954810_1	2a0402375124ee8e1b7dd555c4ee424c	477	Phobius	SIGNAL_PEPTIDE_H_REGION	Hydrophobic region of a signal peptide.	7	15	-	T	18-01-2026	-	-	-	-
XP_076934640_1	31c8b2dcc5f6601d4bfe1db3256e2966	494	Pfam	PF26168	Glycosyltransferase, N-terminal domain	11	136	4.1E-8	T	18-01-2026	IPR058980	Glycosyltransferase, N-terminal domain	-	-
XP_076934640_1	31c8b2dcc5f6601d4bfe1db3256e2966	494	CDD	cd03784	GT1_Gtf-like	9	447	2.57346E-82	T	18-01-2026	IPR002213	UDP-glucuronosyl/UDP-glucosyltransferase	GO:0008194(InterPro)	Reactome:R-CEL-9840309|Reactome:R-HSA-156588|Reactome:R-HSA-189483|Reactome:R-HSA-1989781|Reactome:R-HSA-5579002|Reactome:R-HSA-5579016|Reactome:R-HSA-9623433|Reactome:R-HSA-9749641|Reactome:R-HSA-9753281|Reactome:R-HSA-9754706|Reactome:R-HSA-9757110|Reactome:R-HSA-9840309|Reactome:R-MMU-156588|Reactome:R-MMU-189483|Reactome:R-MMU-9749641|Reactome:R-MMU-9753281|Reactome:R-MMU-9754706|Reactome:R-MMU-9757110|Reactome:R-MMU-9840309|Reactome:R-RNO-156588|Reactome:R-RNO-189483|Reactome:R-RNO-9749641|Reactome:R-RNO-9753281|Reactome:R-RNO-9754706|Reactome:R-RNO-9757110|Reactome:R-RNO-9840309
XP_076934640_1	31c8b2dcc5f6601d4bfe1db3256e2966	494	Pfam	PF00201	UDP-glucoronosyl and UDP-glucosyl transferase	295	442	6.5E-21	T	18-01-2026	IPR002213	UDP-glucuronosyl/UDP-glucosyltransferase	GO:0008194(InterPro)	Reactome:R-CEL-9840309|Reactome:R-HSA-156588|Reactome:R-HSA-189483|Reactome:R-HSA-1989781|Reactome:R-HSA-5579002|Reactome:R-HSA-5579016|Reactome:R-HSA-9623433|Reactome:R-HSA-9749641|Reactome:R-HSA-9753281|Reactome:R-HSA-9754706|Reactome:R-HSA-9757110|Reactome:R-HSA-9840309|Reactome:R-MMU-156588|Reactome:R-MMU-189483|Reactome:R-MMU-9749641|Reactome:R-MMU-9753281|Reactome:R-MMU-9754706|Reactome:R-MMU-9757110|Reactome:R-MMU-9840309|Reactome:R-RNO-156588|Reactome:R-RNO-189483|Reactome:R-RNO-9749641|Reactome:R-RNO-9753281|Reactome:R-RNO-9754706|Reactome:R-RNO-9757110|Reactome:R-RNO-9840309
XP_076934640_1	31c8b2dcc5f6601d4bfe1db3256e2966	494	SUPERFAMILY	SSF53756	UDP-Glycosyltransferase/glycogen phosphorylase	8	472	1.95E-126	T	18-01-2026	-	-	-	-
XP_076936524_1	69aa3e2f95eceebe7764dc0147a7e626	498	Pfam	PF26168	Glycosyltransferase, N-terminal domain	11	136	4.1E-8	T	18-01-2026	IPR058980	Glycosyltransferase, N-terminal domain	-	-
XP_076936524_1	69aa3e2f95eceebe7764dc0147a7e626	498	SUPERFAMILY	SSF53756	UDP-Glycosyltransferase/glycogen phosphorylase	8	472	2.34E-126	T	18-01-2026	-	-	-	-
XP_076936524_1	69aa3e2f95eceebe7764dc0147a7e626	498	Pfam	PF00201	UDP-glucoronosyl and UDP-glucosyl transferase	295	442	6.5E-21	T	18-01-2026	IPR002213	UDP-glucuronosyl/UDP-glucosyltransferase	GO:0008194(InterPro)	Reactome:R-CEL-9840309|Reactome:R-HSA-156588|Reactome:R-HSA-189483|Reactome:R-HSA-1989781|Reactome:R-HSA-5579002|Reactome:R-HSA-5579016|Reactome:R-HSA-9623433|Reactome:R-HSA-9749641|Reactome:R-HSA-9753281|Reactome:R-HSA-9754706|Reactome:R-HSA-9757110|Reactome:R-HSA-9840309|Reactome:R-MMU-156588|Reactome:R-MMU-189483|Reactome:R-MMU-9749641|Reactome:R-MMU-9753281|Reactome:R-MMU-9754706|Reactome:R-MMU-9757110|Reactome:R-MMU-9840309|Reactome:R-RNO-156588|Reactome:R-RNO-189483|Reactome:R-RNO-9749641|Reactome:R-RNO-9753281|Reactome:R-RNO-9754706|Reactome:R-RNO-9757110|Reactome:R-RNO-9840309
XP_076936524_1	69aa3e2f95eceebe7764dc0147a7e626	498	CDD	cd03784	GT1_Gtf-like	9	447	5.24458E-82	T	18-01-2026	IPR002213	UDP-glucuronosyl/UDP-glucosyltransferase	GO:0008194(InterPro)	Reactome:R-CEL-9840309|Reactome:R-HSA-156588|Reactome:R-HSA-189483|Reactome:R-HSA-1989781|Reactome:R-HSA-5579002|Reactome:R-HSA-5579016|Reactome:R-HSA-9623433|Reactome:R-HSA-9749641|Reactome:R-HSA-9753281|Reactome:R-HSA-9754706|Reactome:R-HSA-9757110|Reactome:R-HSA-9840309|Reactome:R-MMU-156588|Reactome:R-MMU-189483|Reactome:R-MMU-9749641|Reactome:R-MMU-9753281|Reactome:R-MMU-9754706|Reactome:R-MMU-9757110|Reactome:R-MMU-9840309|Reactome:R-RNO-156588|Reactome:R-RNO-189483|Reactome:R-RNO-9749641|Reactome:R-RNO-9753281|Reactome:R-RNO-9754706|Reactome:R-RNO-9757110|Reactome:R-RNO-9840309
XP_076933645_1	33bbefb229077c8042978c4665b1f656	480	CDD	cd03784	GT1_Gtf-like	9	466	1.53237E-83	T	18-01-2026	IPR002213	UDP-glucuronosyl/UDP-glucosyltransferase	GO:0008194(InterPro)	Reactome:R-CEL-9840309|Reactome:R-HSA-156588|Reactome:R-HSA-189483|Reactome:R-HSA-1989781|Reactome:R-HSA-5579002|Reactome:R-HSA-5579016|Reactome:R-HSA-9623433|Reactome:R-HSA-9749641|Reactome:R-HSA-9753281|Reactome:R-HSA-9754706|Reactome:R-HSA-9757110|Reactome:R-HSA-9840309|Reactome:R-MMU-156588|Reactome:R-MMU-189483|Reactome:R-MMU-9749641|Reactome:R-MMU-9753281|Reactome:R-MMU-9754706|Reactome:R-MMU-9757110|Reactome:R-MMU-9840309|Reactome:R-RNO-156588|Reactome:R-RNO-189483|Reactome:R-RNO-9749641|Reactome:R-RNO-9753281|Reactome:R-RNO-9754706|Reactome:R-RNO-9757110|Reactome:R-RNO-9840309
XP_076933645_1	33bbefb229077c8042978c4665b1f656	480	Pfam	PF00201	UDP-glucoronosyl and UDP-glucosyl transferase	294	441	9.8E-21	T	18-01-2026	IPR002213	UDP-glucuronosyl/UDP-glucosyltransferase	GO:0008194(InterPro)	Reactome:R-CEL-9840309|Reactome:R-HSA-156588|Reactome:R-HSA-189483|Reactome:R-HSA-1989781|Reactome:R-HSA-5579002|Reactome:R-HSA-5579016|Reactome:R-HSA-9623433|Reactome:R-HSA-9749641|Reactome:R-HSA-9753281|Reactome:R-HSA-9754706|Reactome:R-HSA-9757110|Reactome:R-HSA-9840309|Reactome:R-MMU-156588|Reactome:R-MMU-189483|Reactome:R-MMU-9749641|Reactome:R-MMU-9753281|Reactome:R-MMU-9754706|Reactome:R-MMU-9757110|Reactome:R-MMU-9840309|Reactome:R-RNO-156588|Reactome:R-RNO-189483|Reactome:R-RNO-9749641|Reactome:R-RNO-9753281|Reactome:R-RNO-9754706|Reactome:R-RNO-9757110|Reactome:R-RNO-9840309
XP_076933645_1	33bbefb229077c8042978c4665b1f656	480	SUPERFAMILY	SSF53756	UDP-Glycosyltransferase/glycogen phosphorylase	8	470	1.12E-127	T	18-01-2026	-	-	-	-
XP_076933645_1	33bbefb229077c8042978c4665b1f656	480	Pfam	PF26168	Glycosyltransferase, N-terminal domain	11	135	1.4E-4	T	18-01-2026	IPR058980	Glycosyltransferase, N-terminal domain	-	-
XP_076944840_1	cc6fd62b6cdedd36255fe86a04090b1a	477	CDD	cd03784	GT1_Gtf-like	10	435	1.43512E-77	T	18-01-2026	IPR002213	UDP-glucuronosyl/UDP-glucosyltransferase	GO:0008194(InterPro)	Reactome:R-CEL-9840309|Reactome:R-HSA-156588|Reactome:R-HSA-189483|Reactome:R-HSA-1989781|Reactome:R-HSA-5579002|Reactome:R-HSA-5579016|Reactome:R-HSA-9623433|Reactome:R-HSA-9749641|Reactome:R-HSA-9753281|Reactome:R-HSA-9754706|Reactome:R-HSA-9757110|Reactome:R-HSA-9840309|Reactome:R-MMU-156588|Reactome:R-MMU-189483|Reactome:R-MMU-9749641|Reactome:R-MMU-9753281|Reactome:R-MMU-9754706|Reactome:R-MMU-9757110|Reactome:R-MMU-9840309|Reactome:R-RNO-156588|Reactome:R-RNO-189483|Reactome:R-RNO-9749641|Reactome:R-RNO-9753281|Reactome:R-RNO-9754706|Reactome:R-RNO-9757110|Reactome:R-RNO-9840309
XP_076944840_1	cc6fd62b6cdedd36255fe86a04090b1a	477	Pfam	PF00201	UDP-glucoronosyl and UDP-glucosyl transferase	224	443	1.3E-22	T	18-01-2026	IPR002213	UDP-glucuronosyl/UDP-glucosyltransferase	GO:0008194(InterPro)	Reactome:R-CEL-9840309|Reactome:R-HSA-156588|Reactome:R-HSA-189483|Reactome:R-HSA-1989781|Reactome:R-HSA-5579002|Reactome:R-HSA-5579016|Reactome:R-HSA-9623433|Reactome:R-HSA-9749641|Reactome:R-HSA-9753281|Reactome:R-HSA-9754706|Reactome:R-HSA-9757110|Reactome:R-HSA-9840309|Reactome:R-MMU-156588|Reactome:R-MMU-189483|Reactome:R-MMU-9749641|Reactome:R-MMU-9753281|Reactome:R-MMU-9754706|Reactome:R-MMU-9757110|Reactome:R-MMU-9840309|Reactome:R-RNO-156588|Reactome:R-RNO-189483|Reactome:R-RNO-9749641|Reactome:R-RNO-9753281|Reactome:R-RNO-9754706|Reactome:R-RNO-9757110|Reactome:R-RNO-9840309
XP_076944840_1	cc6fd62b6cdedd36255fe86a04090b1a	477	SUPERFAMILY	SSF53756	UDP-Glycosyltransferase/glycogen phosphorylase	9	471	6.28E-130	T	18-01-2026	-	-	-	-
XP_076942316_1	5bb0c8854b37818abc1f616aeba9fccd	477	CDD	cd03784	GT1_Gtf-like	10	435	3.30167E-77	T	18-01-2026	IPR002213	UDP-glucuronosyl/UDP-glucosyltransferase	GO:0008194(InterPro)	Reactome:R-CEL-9840309|Reactome:R-HSA-156588|Reactome:R-HSA-189483|Reactome:R-HSA-1989781|Reactome:R-HSA-5579002|Reactome:R-HSA-5579016|Reactome:R-HSA-9623433|Reactome:R-HSA-9749641|Reactome:R-HSA-9753281|Reactome:R-HSA-9754706|Reactome:R-HSA-9757110|Reactome:R-HSA-9840309|Reactome:R-MMU-156588|Reactome:R-MMU-189483|Reactome:R-MMU-9749641|Reactome:R-MMU-9753281|Reactome:R-MMU-9754706|Reactome:R-MMU-9757110|Reactome:R-MMU-9840309|Reactome:R-RNO-156588|Reactome:R-RNO-189483|Reactome:R-RNO-9749641|Reactome:R-RNO-9753281|Reactome:R-RNO-9754706|Reactome:R-RNO-9757110|Reactome:R-RNO-9840309
XP_076942316_1	5bb0c8854b37818abc1f616aeba9fccd	477	Pfam	PF00201	UDP-glucoronosyl and UDP-glucosyl transferase	212	443	1.3E-22	T	18-01-2026	IPR002213	UDP-glucuronosyl/UDP-glucosyltransferase	GO:0008194(InterPro)	Reactome:R-CEL-9840309|Reactome:R-HSA-156588|Reactome:R-HSA-189483|Reactome:R-HSA-1989781|Reactome:R-HSA-5579002|Reactome:R-HSA-5579016|Reactome:R-HSA-9623433|Reactome:R-HSA-9749641|Reactome:R-HSA-9753281|Reactome:R-HSA-9754706|Reactome:R-HSA-9757110|Reactome:R-HSA-9840309|Reactome:R-MMU-156588|Reactome:R-MMU-189483|Reactome:R-MMU-9749641|Reactome:R-MMU-9753281|Reactome:R-MMU-9754706|Reactome:R-MMU-9757110|Reactome:R-MMU-9840309|Reactome:R-RNO-156588|Reactome:R-RNO-189483|Reactome:R-RNO-9749641|Reactome:R-RNO-9753281|Reactome:R-RNO-9754706|Reactome:R-RNO-9757110|Reactome:R-RNO-9840309
XP_076942316_1	5bb0c8854b37818abc1f616aeba9fccd	477	SUPERFAMILY	SSF53756	UDP-Glycosyltransferase/glycogen phosphorylase	9	471	1.7E-129	T	18-01-2026	-	-	-	-
XP_076903617_1	21610e6f07a62b3d6ed17603d21adf52	465	Pfam	PF00201	UDP-glucoronosyl and UDP-glucosyl transferase	214	420	1.2E-23	T	18-01-2026	IPR002213	UDP-glucuronosyl/UDP-glucosyltransferase	GO:0008194(InterPro)	Reactome:R-CEL-9840309|Reactome:R-HSA-156588|Reactome:R-HSA-189483|Reactome:R-HSA-1989781|Reactome:R-HSA-5579002|Reactome:R-HSA-5579016|Reactome:R-HSA-9623433|Reactome:R-HSA-9749641|Reactome:R-HSA-9753281|Reactome:R-HSA-9754706|Reactome:R-HSA-9757110|Reactome:R-HSA-9840309|Reactome:R-MMU-156588|Reactome:R-MMU-189483|Reactome:R-MMU-9749641|Reactome:R-MMU-9753281|Reactome:R-MMU-9754706|Reactome:R-MMU-9757110|Reactome:R-MMU-9840309|Reactome:R-RNO-156588|Reactome:R-RNO-189483|Reactome:R-RNO-9749641|Reactome:R-RNO-9753281|Reactome:R-RNO-9754706|Reactome:R-RNO-9757110|Reactome:R-RNO-9840309
XP_076903617_1	21610e6f07a62b3d6ed17603d21adf52	465	SUPERFAMILY	SSF53756	UDP-Glycosyltransferase/glycogen phosphorylase	10	456	7.71E-117	T	18-01-2026	-	-	-	-
XP_076903617_1	21610e6f07a62b3d6ed17603d21adf52	465	CDD	cd03784	GT1_Gtf-like	10	456	3.23248E-90	T	18-01-2026	IPR002213	UDP-glucuronosyl/UDP-glucosyltransferase	GO:0008194(InterPro)	Reactome:R-CEL-9840309|Reactome:R-HSA-156588|Reactome:R-HSA-189483|Reactome:R-HSA-1989781|Reactome:R-HSA-5579002|Reactome:R-HSA-5579016|Reactome:R-HSA-9623433|Reactome:R-HSA-9749641|Reactome:R-HSA-9753281|Reactome:R-HSA-9754706|Reactome:R-HSA-9757110|Reactome:R-HSA-9840309|Reactome:R-MMU-156588|Reactome:R-MMU-189483|Reactome:R-MMU-9749641|Reactome:R-MMU-9753281|Reactome:R-MMU-9754706|Reactome:R-MMU-9757110|Reactome:R-MMU-9840309|Reactome:R-RNO-156588|Reactome:R-RNO-189483|Reactome:R-RNO-9749641|Reactome:R-RNO-9753281|Reactome:R-RNO-9754706|Reactome:R-RNO-9757110|Reactome:R-RNO-9840309
XP_076926621_1	a525ced4de1346145158db76868d888a	480	Pfam	PF00201	UDP-glucoronosyl and UDP-glucosyl transferase	211	438	3.6E-24	T	18-01-2026	IPR002213	UDP-glucuronosyl/UDP-glucosyltransferase	GO:0008194(InterPro)	Reactome:R-CEL-9840309|Reactome:R-HSA-156588|Reactome:R-HSA-189483|Reactome:R-HSA-1989781|Reactome:R-HSA-5579002|Reactome:R-HSA-5579016|Reactome:R-HSA-9623433|Reactome:R-HSA-9749641|Reactome:R-HSA-9753281|Reactome:R-HSA-9754706|Reactome:R-HSA-9757110|Reactome:R-HSA-9840309|Reactome:R-MMU-156588|Reactome:R-MMU-189483|Reactome:R-MMU-9749641|Reactome:R-MMU-9753281|Reactome:R-MMU-9754706|Reactome:R-MMU-9757110|Reactome:R-MMU-9840309|Reactome:R-RNO-156588|Reactome:R-RNO-189483|Reactome:R-RNO-9749641|Reactome:R-RNO-9753281|Reactome:R-RNO-9754706|Reactome:R-RNO-9757110|Reactome:R-RNO-9840309
XP_076926621_1	a525ced4de1346145158db76868d888a	480	CDD	cd03784	GT1_Gtf-like	10	456	2.32738E-83	T	18-01-2026	IPR002213	UDP-glucuronosyl/UDP-glucosyltransferase	GO:0008194(InterPro)	Reactome:R-CEL-9840309|Reactome:R-HSA-156588|Reactome:R-HSA-189483|Reactome:R-HSA-1989781|Reactome:R-HSA-5579002|Reactome:R-HSA-5579016|Reactome:R-HSA-9623433|Reactome:R-HSA-9749641|Reactome:R-HSA-9753281|Reactome:R-HSA-9754706|Reactome:R-HSA-9757110|Reactome:R-HSA-9840309|Reactome:R-MMU-156588|Reactome:R-MMU-189483|Reactome:R-MMU-9749641|Reactome:R-MMU-9753281|Reactome:R-MMU-9754706|Reactome:R-MMU-9757110|Reactome:R-MMU-9840309|Reactome:R-RNO-156588|Reactome:R-RNO-189483|Reactome:R-RNO-9749641|Reactome:R-RNO-9753281|Reactome:R-RNO-9754706|Reactome:R-RNO-9757110|Reactome:R-RNO-9840309
XP_076926621_1	a525ced4de1346145158db76868d888a	480	Pfam	PF26168	Glycosyltransferase, N-terminal domain	12	96	8.7E-4	T	18-01-2026	IPR058980	Glycosyltransferase, N-terminal domain	-	-
XP_076926621_1	a525ced4de1346145158db76868d888a	480	SUPERFAMILY	SSF53756	UDP-Glycosyltransferase/glycogen phosphorylase	9	471	2.27E-123	T	18-01-2026	-	-	-	-
XP_076956290_1	dcb203b6283bfbff965bcf2501e1a917	331	Phobius	SIGNAL_PEPTIDE	Signal peptide region	1	21	-	T	18-01-2026	-	-	-	-
XP_076956290_1	dcb203b6283bfbff965bcf2501e1a917	331	SUPERFAMILY	SSF53756	UDP-Glycosyltransferase/glycogen phosphorylase	1	327	2.56E-83	T	18-01-2026	-	-	-	-
XP_076956290_1	dcb203b6283bfbff965bcf2501e1a917	331	Pfam	PF00201	UDP-glucoronosyl and UDP-glucosyl transferase	141	303	3.3E-19	T	18-01-2026	IPR002213	UDP-glucuronosyl/UDP-glucosyltransferase	GO:0008194(InterPro)	Reactome:R-CEL-9840309|Reactome:R-HSA-156588|Reactome:R-HSA-189483|Reactome:R-HSA-1989781|Reactome:R-HSA-5579002|Reactome:R-HSA-5579016|Reactome:R-HSA-9623433|Reactome:R-HSA-9749641|Reactome:R-HSA-9753281|Reactome:R-HSA-9754706|Reactome:R-HSA-9757110|Reactome:R-HSA-9840309|Reactome:R-MMU-156588|Reactome:R-MMU-189483|Reactome:R-MMU-9749641|Reactome:R-MMU-9753281|Reactome:R-MMU-9754706|Reactome:R-MMU-9757110|Reactome:R-MMU-9840309|Reactome:R-RNO-156588|Reactome:R-RNO-189483|Reactome:R-RNO-9749641|Reactome:R-RNO-9753281|Reactome:R-RNO-9754706|Reactome:R-RNO-9757110|Reactome:R-RNO-9840309
XP_076956290_1	dcb203b6283bfbff965bcf2501e1a917	331	Phobius	SIGNAL_PEPTIDE_H_REGION	Hydrophobic region of a signal peptide.	5	16	-	T	18-01-2026	-	-	-	-
XP_076956290_1	dcb203b6283bfbff965bcf2501e1a917	331	Phobius	NON_CYTOPLASMIC_DOMAIN	Region of a membrane-bound protein predicted to be outside the membrane, in the extracellular region.	22	331	-	T	18-01-2026	-	-	-	-
XP_076956290_1	dcb203b6283bfbff965bcf2501e1a917	331	Phobius	SIGNAL_PEPTIDE_C_REGION	C-terminal region of a signal peptide.	17	21	-	T	18-01-2026	-	-	-	-
XP_076956290_1	dcb203b6283bfbff965bcf2501e1a917	331	SignalP_EUK	SignalP-noTM	SignalP-noTM	1	19	-	T	18-01-2026	-	-	-	-
XP_076956290_1	dcb203b6283bfbff965bcf2501e1a917	331	Phobius	SIGNAL_PEPTIDE_N_REGION	N-terminal region of a signal peptide.	1	4	-	T	18-01-2026	-	-	-	-
XP_076956290_1	dcb203b6283bfbff965bcf2501e1a917	331	CDD	cd03784	GT1_Gtf-like	102	303	3.18872E-50	T	18-01-2026	IPR002213	UDP-glucuronosyl/UDP-glucosyltransferase	GO:0008194(InterPro)	Reactome:R-CEL-9840309|Reactome:R-HSA-156588|Reactome:R-HSA-189483|Reactome:R-HSA-1989781|Reactome:R-HSA-5579002|Reactome:R-HSA-5579016|Reactome:R-HSA-9623433|Reactome:R-HSA-9749641|Reactome:R-HSA-9753281|Reactome:R-HSA-9754706|Reactome:R-HSA-9757110|Reactome:R-HSA-9840309|Reactome:R-MMU-156588|Reactome:R-MMU-189483|Reactome:R-MMU-9749641|Reactome:R-MMU-9753281|Reactome:R-MMU-9754706|Reactome:R-MMU-9757110|Reactome:R-MMU-9840309|Reactome:R-RNO-156588|Reactome:R-RNO-189483|Reactome:R-RNO-9749641|Reactome:R-RNO-9753281|Reactome:R-RNO-9754706|Reactome:R-RNO-9757110|Reactome:R-RNO-9840309
XP_076896721_1	fcac4ef06769fbbbc3b14db7824b8a27	383	SUPERFAMILY	SSF53756	UDP-Glycosyltransferase/glycogen phosphorylase	4	369	1.26E-89	T	18-01-2026	-	-	-	-
XP_076896721_1	fcac4ef06769fbbbc3b14db7824b8a27	383	Pfam	PF00201	UDP-glucoronosyl and UDP-glucosyl transferase	188	345	9.5E-18	T	18-01-2026	IPR002213	UDP-glucuronosyl/UDP-glucosyltransferase	GO:0008194(InterPro)	Reactome:R-CEL-9840309|Reactome:R-HSA-156588|Reactome:R-HSA-189483|Reactome:R-HSA-1989781|Reactome:R-HSA-5579002|Reactome:R-HSA-5579016|Reactome:R-HSA-9623433|Reactome:R-HSA-9749641|Reactome:R-HSA-9753281|Reactome:R-HSA-9754706|Reactome:R-HSA-9757110|Reactome:R-HSA-9840309|Reactome:R-MMU-156588|Reactome:R-MMU-189483|Reactome:R-MMU-9749641|Reactome:R-MMU-9753281|Reactome:R-MMU-9754706|Reactome:R-MMU-9757110|Reactome:R-MMU-9840309|Reactome:R-RNO-156588|Reactome:R-RNO-189483|Reactome:R-RNO-9749641|Reactome:R-RNO-9753281|Reactome:R-RNO-9754706|Reactome:R-RNO-9757110|Reactome:R-RNO-9840309
XP_076896721_1	fcac4ef06769fbbbc3b14db7824b8a27	383	CDD	cd03784	GT1_Gtf-like	19	362	4.34528E-54	T	18-01-2026	IPR002213	UDP-glucuronosyl/UDP-glucosyltransferase	GO:0008194(InterPro)	Reactome:R-CEL-9840309|Reactome:R-HSA-156588|Reactome:R-HSA-189483|Reactome:R-HSA-1989781|Reactome:R-HSA-5579002|Reactome:R-HSA-5579016|Reactome:R-HSA-9623433|Reactome:R-HSA-9749641|Reactome:R-HSA-9753281|Reactome:R-HSA-9754706|Reactome:R-HSA-9757110|Reactome:R-HSA-9840309|Reactome:R-MMU-156588|Reactome:R-MMU-189483|Reactome:R-MMU-9749641|Reactome:R-MMU-9753281|Reactome:R-MMU-9754706|Reactome:R-MMU-9757110|Reactome:R-MMU-9840309|Reactome:R-RNO-156588|Reactome:R-RNO-189483|Reactome:R-RNO-9749641|Reactome:R-RNO-9753281|Reactome:R-RNO-9754706|Reactome:R-RNO-9757110|Reactome:R-RNO-9840309
XP_076904770_1	bf0003e2afc28ac0d7c77c25de8dbf9c	483	CDD	cd03784	GT1_Gtf-like	8	472	1.8912E-69	T	18-01-2026	IPR002213	UDP-glucuronosyl/UDP-glucosyltransferase	GO:0008194(InterPro)	Reactome:R-CEL-9840309|Reactome:R-HSA-156588|Reactome:R-HSA-189483|Reactome:R-HSA-1989781|Reactome:R-HSA-5579002|Reactome:R-HSA-5579016|Reactome:R-HSA-9623433|Reactome:R-HSA-9749641|Reactome:R-HSA-9753281|Reactome:R-HSA-9754706|Reactome:R-HSA-9757110|Reactome:R-HSA-9840309|Reactome:R-MMU-156588|Reactome:R-MMU-189483|Reactome:R-MMU-9749641|Reactome:R-MMU-9753281|Reactome:R-MMU-9754706|Reactome:R-MMU-9757110|Reactome:R-MMU-9840309|Reactome:R-RNO-156588|Reactome:R-RNO-189483|Reactome:R-RNO-9749641|Reactome:R-RNO-9753281|Reactome:R-RNO-9754706|Reactome:R-RNO-9757110|Reactome:R-RNO-9840309
XP_076904770_1	bf0003e2afc28ac0d7c77c25de8dbf9c	483	Pfam	PF00201	UDP-glucoronosyl and UDP-glucosyl transferase	288	411	5.9E-19	T	18-01-2026	IPR002213	UDP-glucuronosyl/UDP-glucosyltransferase	GO:0008194(InterPro)	Reactome:R-CEL-9840309|Reactome:R-HSA-156588|Reactome:R-HSA-189483|Reactome:R-HSA-1989781|Reactome:R-HSA-5579002|Reactome:R-HSA-5579016|Reactome:R-HSA-9623433|Reactome:R-HSA-9749641|Reactome:R-HSA-9753281|Reactome:R-HSA-9754706|Reactome:R-HSA-9757110|Reactome:R-HSA-9840309|Reactome:R-MMU-156588|Reactome:R-MMU-189483|Reactome:R-MMU-9749641|Reactome:R-MMU-9753281|Reactome:R-MMU-9754706|Reactome:R-MMU-9757110|Reactome:R-MMU-9840309|Reactome:R-RNO-156588|Reactome:R-RNO-189483|Reactome:R-RNO-9749641|Reactome:R-RNO-9753281|Reactome:R-RNO-9754706|Reactome:R-RNO-9757110|Reactome:R-RNO-9840309
XP_076904770_1	bf0003e2afc28ac0d7c77c25de8dbf9c	483	SUPERFAMILY	SSF53756	UDP-Glycosyltransferase/glycogen phosphorylase	8	476	9.87E-114	T	18-01-2026	-	-	-	-
XP_076939736_1	d1ecf0bba019f336cb7d5fe5136a0857	388	Pfam	PF00201	UDP-glucoronosyl and UDP-glucosyl transferase	136	348	5.8E-23	T	18-01-2026	IPR002213	UDP-glucuronosyl/UDP-glucosyltransferase	GO:0008194(InterPro)	Reactome:R-CEL-9840309|Reactome:R-HSA-156588|Reactome:R-HSA-189483|Reactome:R-HSA-1989781|Reactome:R-HSA-5579002|Reactome:R-HSA-5579016|Reactome:R-HSA-9623433|Reactome:R-HSA-9749641|Reactome:R-HSA-9753281|Reactome:R-HSA-9754706|Reactome:R-HSA-9757110|Reactome:R-HSA-9840309|Reactome:R-MMU-156588|Reactome:R-MMU-189483|Reactome:R-MMU-9749641|Reactome:R-MMU-9753281|Reactome:R-MMU-9754706|Reactome:R-MMU-9757110|Reactome:R-MMU-9840309|Reactome:R-RNO-156588|Reactome:R-RNO-189483|Reactome:R-RNO-9749641|Reactome:R-RNO-9753281|Reactome:R-RNO-9754706|Reactome:R-RNO-9757110|Reactome:R-RNO-9840309
XP_076939736_1	d1ecf0bba019f336cb7d5fe5136a0857	388	CDD	cd03784	GT1_Gtf-like	22	364	2.17311E-68	T	18-01-2026	IPR002213	UDP-glucuronosyl/UDP-glucosyltransferase	GO:0008194(InterPro)	Reactome:R-CEL-9840309|Reactome:R-HSA-156588|Reactome:R-HSA-189483|Reactome:R-HSA-1989781|Reactome:R-HSA-5579002|Reactome:R-HSA-5579016|Reactome:R-HSA-9623433|Reactome:R-HSA-9749641|Reactome:R-HSA-9753281|Reactome:R-HSA-9754706|Reactome:R-HSA-9757110|Reactome:R-HSA-9840309|Reactome:R-MMU-156588|Reactome:R-MMU-189483|Reactome:R-MMU-9749641|Reactome:R-MMU-9753281|Reactome:R-MMU-9754706|Reactome:R-MMU-9757110|Reactome:R-MMU-9840309|Reactome:R-RNO-156588|Reactome:R-RNO-189483|Reactome:R-RNO-9749641|Reactome:R-RNO-9753281|Reactome:R-RNO-9754706|Reactome:R-RNO-9757110|Reactome:R-RNO-9840309
XP_076939736_1	d1ecf0bba019f336cb7d5fe5136a0857	388	SUPERFAMILY	SSF53756	UDP-Glycosyltransferase/glycogen phosphorylase	10	378	1.1E-100	T	18-01-2026	-	-	-	-
XP_076920561_1	16faa5782ab4837f5d640486fce61fb3	479	SUPERFAMILY	SSF53756	UDP-Glycosyltransferase/glycogen phosphorylase	10	472	5.1E-116	T	18-01-2026	-	-	-	-
XP_076920561_1	16faa5782ab4837f5d640486fce61fb3	479	CDD	cd03784	GT1_Gtf-like	11	458	2.62695E-83	T	18-01-2026	IPR002213	UDP-glucuronosyl/UDP-glucosyltransferase	GO:0008194(InterPro)	Reactome:R-CEL-9840309|Reactome:R-HSA-156588|Reactome:R-HSA-189483|Reactome:R-HSA-1989781|Reactome:R-HSA-5579002|Reactome:R-HSA-5579016|Reactome:R-HSA-9623433|Reactome:R-HSA-9749641|Reactome:R-HSA-9753281|Reactome:R-HSA-9754706|Reactome:R-HSA-9757110|Reactome:R-HSA-9840309|Reactome:R-MMU-156588|Reactome:R-MMU-189483|Reactome:R-MMU-9749641|Reactome:R-MMU-9753281|Reactome:R-MMU-9754706|Reactome:R-MMU-9757110|Reactome:R-MMU-9840309|Reactome:R-RNO-156588|Reactome:R-RNO-189483|Reactome:R-RNO-9749641|Reactome:R-RNO-9753281|Reactome:R-RNO-9754706|Reactome:R-RNO-9757110|Reactome:R-RNO-9840309
XP_076920561_1	16faa5782ab4837f5d640486fce61fb3	479	Pfam	PF00201	UDP-glucoronosyl and UDP-glucosyl transferase	282	413	5.1E-14	T	18-01-2026	IPR002213	UDP-glucuronosyl/UDP-glucosyltransferase	GO:0008194(InterPro)	Reactome:R-CEL-9840309|Reactome:R-HSA-156588|Reactome:R-HSA-189483|Reactome:R-HSA-1989781|Reactome:R-HSA-5579002|Reactome:R-HSA-5579016|Reactome:R-HSA-9623433|Reactome:R-HSA-9749641|Reactome:R-HSA-9753281|Reactome:R-HSA-9754706|Reactome:R-HSA-9757110|Reactome:R-HSA-9840309|Reactome:R-MMU-156588|Reactome:R-MMU-189483|Reactome:R-MMU-9749641|Reactome:R-MMU-9753281|Reactome:R-MMU-9754706|Reactome:R-MMU-9757110|Reactome:R-MMU-9840309|Reactome:R-RNO-156588|Reactome:R-RNO-189483|Reactome:R-RNO-9749641|Reactome:R-RNO-9753281|Reactome:R-RNO-9754706|Reactome:R-RNO-9757110|Reactome:R-RNO-9840309
XP_076895537_1	8af11c7b95756928a06733c8996e7400	503	SUPERFAMILY	SSF53756	UDP-Glycosyltransferase/glycogen phosphorylase	36	503	1.69E-95	T	18-01-2026	-	-	-	-
XP_076895537_1	8af11c7b95756928a06733c8996e7400	503	CDD	cd03784	GT1_Gtf-like	40	441	9.95043E-54	T	18-01-2026	IPR002213	UDP-glucuronosyl/UDP-glucosyltransferase	GO:0008194(InterPro)	Reactome:R-CEL-9840309|Reactome:R-HSA-156588|Reactome:R-HSA-189483|Reactome:R-HSA-1989781|Reactome:R-HSA-5579002|Reactome:R-HSA-5579016|Reactome:R-HSA-9623433|Reactome:R-HSA-9749641|Reactome:R-HSA-9753281|Reactome:R-HSA-9754706|Reactome:R-HSA-9757110|Reactome:R-HSA-9840309|Reactome:R-MMU-156588|Reactome:R-MMU-189483|Reactome:R-MMU-9749641|Reactome:R-MMU-9753281|Reactome:R-MMU-9754706|Reactome:R-MMU-9757110|Reactome:R-MMU-9840309|Reactome:R-RNO-156588|Reactome:R-RNO-189483|Reactome:R-RNO-9749641|Reactome:R-RNO-9753281|Reactome:R-RNO-9754706|Reactome:R-RNO-9757110|Reactome:R-RNO-9840309
XP_076895537_1	8af11c7b95756928a06733c8996e7400	503	Pfam	PF00201	UDP-glucoronosyl and UDP-glucosyl transferase	301	431	3.0E-17	T	18-01-2026	IPR002213	UDP-glucuronosyl/UDP-glucosyltransferase	GO:0008194(InterPro)	Reactome:R-CEL-9840309|Reactome:R-HSA-156588|Reactome:R-HSA-189483|Reactome:R-HSA-1989781|Reactome:R-HSA-5579002|Reactome:R-HSA-5579016|Reactome:R-HSA-9623433|Reactome:R-HSA-9749641|Reactome:R-HSA-9753281|Reactome:R-HSA-9754706|Reactome:R-HSA-9757110|Reactome:R-HSA-9840309|Reactome:R-MMU-156588|Reactome:R-MMU-189483|Reactome:R-MMU-9749641|Reactome:R-MMU-9753281|Reactome:R-MMU-9754706|Reactome:R-MMU-9757110|Reactome:R-MMU-9840309|Reactome:R-RNO-156588|Reactome:R-RNO-189483|Reactome:R-RNO-9749641|Reactome:R-RNO-9753281|Reactome:R-RNO-9754706|Reactome:R-RNO-9757110|Reactome:R-RNO-9840309
XP_076895537_1	8af11c7b95756928a06733c8996e7400	503	Pfam	PF26168	Glycosyltransferase, N-terminal domain	37	272	5.4E-77	T	18-01-2026	IPR058980	Glycosyltransferase, N-terminal domain	-	-
XP_076922135_1	75ad06f92615cd019d8af6f9a1dbd3b2	480	Pfam	PF00201	UDP-glucoronosyl and UDP-glucosyl transferase	226	413	2.3E-23	T	18-01-2026	IPR002213	UDP-glucuronosyl/UDP-glucosyltransferase	GO:0008194(InterPro)	Reactome:R-CEL-9840309|Reactome:R-HSA-156588|Reactome:R-HSA-189483|Reactome:R-HSA-1989781|Reactome:R-HSA-5579002|Reactome:R-HSA-5579016|Reactome:R-HSA-9623433|Reactome:R-HSA-9749641|Reactome:R-HSA-9753281|Reactome:R-HSA-9754706|Reactome:R-HSA-9757110|Reactome:R-HSA-9840309|Reactome:R-MMU-156588|Reactome:R-MMU-189483|Reactome:R-MMU-9749641|Reactome:R-MMU-9753281|Reactome:R-MMU-9754706|Reactome:R-MMU-9757110|Reactome:R-MMU-9840309|Reactome:R-RNO-156588|Reactome:R-RNO-189483|Reactome:R-RNO-9749641|Reactome:R-RNO-9753281|Reactome:R-RNO-9754706|Reactome:R-RNO-9757110|Reactome:R-RNO-9840309
XP_076922135_1	75ad06f92615cd019d8af6f9a1dbd3b2	480	CDD	cd03784	GT1_Gtf-like	10	466	1.81898E-83	T	18-01-2026	IPR002213	UDP-glucuronosyl/UDP-glucosyltransferase	GO:0008194(InterPro)	Reactome:R-CEL-9840309|Reactome:R-HSA-156588|Reactome:R-HSA-189483|Reactome:R-HSA-1989781|Reactome:R-HSA-5579002|Reactome:R-HSA-5579016|Reactome:R-HSA-9623433|Reactome:R-HSA-9749641|Reactome:R-HSA-9753281|Reactome:R-HSA-9754706|Reactome:R-HSA-9757110|Reactome:R-HSA-9840309|Reactome:R-MMU-156588|Reactome:R-MMU-189483|Reactome:R-MMU-9749641|Reactome:R-MMU-9753281|Reactome:R-MMU-9754706|Reactome:R-MMU-9757110|Reactome:R-MMU-9840309|Reactome:R-RNO-156588|Reactome:R-RNO-189483|Reactome:R-RNO-9749641|Reactome:R-RNO-9753281|Reactome:R-RNO-9754706|Reactome:R-RNO-9757110|Reactome:R-RNO-9840309
XP_076922135_1	75ad06f92615cd019d8af6f9a1dbd3b2	480	SUPERFAMILY	SSF53756	UDP-Glycosyltransferase/glycogen phosphorylase	9	471	1.3E-123	T	18-01-2026	-	-	-	-
XP_076922135_1	75ad06f92615cd019d8af6f9a1dbd3b2	480	Pfam	PF26168	Glycosyltransferase, N-terminal domain	12	134	3.8E-4	T	18-01-2026	IPR058980	Glycosyltransferase, N-terminal domain	-	-
XP_076883311_1	6388724deecd157c0ed2ea74749653e4	378	CDD	cd03784	GT1_Gtf-like	2	363	9.13771E-69	T	18-01-2026	IPR002213	UDP-glucuronosyl/UDP-glucosyltransferase	GO:0008194(InterPro)	Reactome:R-CEL-9840309|Reactome:R-HSA-156588|Reactome:R-HSA-189483|Reactome:R-HSA-1989781|Reactome:R-HSA-5579002|Reactome:R-HSA-5579016|Reactome:R-HSA-9623433|Reactome:R-HSA-9749641|Reactome:R-HSA-9753281|Reactome:R-HSA-9754706|Reactome:R-HSA-9757110|Reactome:R-HSA-9840309|Reactome:R-MMU-156588|Reactome:R-MMU-189483|Reactome:R-MMU-9749641|Reactome:R-MMU-9753281|Reactome:R-MMU-9754706|Reactome:R-MMU-9757110|Reactome:R-MMU-9840309|Reactome:R-RNO-156588|Reactome:R-RNO-189483|Reactome:R-RNO-9749641|Reactome:R-RNO-9753281|Reactome:R-RNO-9754706|Reactome:R-RNO-9757110|Reactome:R-RNO-9840309
XP_076883311_1	6388724deecd157c0ed2ea74749653e4	378	SUPERFAMILY	SSF53756	UDP-Glycosyltransferase/glycogen phosphorylase	1	372	7.18E-100	T	18-01-2026	-	-	-	-
XP_076883311_1	6388724deecd157c0ed2ea74749653e4	378	Pfam	PF00201	UDP-glucoronosyl and UDP-glucosyl transferase	190	347	1.5E-18	T	18-01-2026	IPR002213	UDP-glucuronosyl/UDP-glucosyltransferase	GO:0008194(InterPro)	Reactome:R-CEL-9840309|Reactome:R-HSA-156588|Reactome:R-HSA-189483|Reactome:R-HSA-1989781|Reactome:R-HSA-5579002|Reactome:R-HSA-5579016|Reactome:R-HSA-9623433|Reactome:R-HSA-9749641|Reactome:R-HSA-9753281|Reactome:R-HSA-9754706|Reactome:R-HSA-9757110|Reactome:R-HSA-9840309|Reactome:R-MMU-156588|Reactome:R-MMU-189483|Reactome:R-MMU-9749641|Reactome:R-MMU-9753281|Reactome:R-MMU-9754706|Reactome:R-MMU-9757110|Reactome:R-MMU-9840309|Reactome:R-RNO-156588|Reactome:R-RNO-189483|Reactome:R-RNO-9749641|Reactome:R-RNO-9753281|Reactome:R-RNO-9754706|Reactome:R-RNO-9757110|Reactome:R-RNO-9840309
