XP_076928506_1	186121e643059f2a816cdcddae8deabb	459	CDD	cd03784	GT1_Gtf-like	12	433	5.55802E-86	T	18-01-2026	IPR002213	UDP-glucuronosyl/UDP-glucosyltransferase	GO:0008194(InterPro)	Reactome:R-CEL-9840309|Reactome:R-HSA-156588|Reactome:R-HSA-189483|Reactome:R-HSA-1989781|Reactome:R-HSA-5579002|Reactome:R-HSA-5579016|Reactome:R-HSA-9623433|Reactome:R-HSA-9749641|Reactome:R-HSA-9753281|Reactome:R-HSA-9754706|Reactome:R-HSA-9757110|Reactome:R-HSA-9840309|Reactome:R-MMU-156588|Reactome:R-MMU-189483|Reactome:R-MMU-9749641|Reactome:R-MMU-9753281|Reactome:R-MMU-9754706|Reactome:R-MMU-9757110|Reactome:R-MMU-9840309|Reactome:R-RNO-156588|Reactome:R-RNO-189483|Reactome:R-RNO-9749641|Reactome:R-RNO-9753281|Reactome:R-RNO-9754706|Reactome:R-RNO-9757110|Reactome:R-RNO-9840309
XP_076928506_1	186121e643059f2a816cdcddae8deabb	459	SUPERFAMILY	SSF53756	UDP-Glycosyltransferase/glycogen phosphorylase	7	452	5.56E-109	T	18-01-2026	-	-	-	-
XP_076928506_1	186121e643059f2a816cdcddae8deabb	459	Pfam	PF00201	UDP-glucoronosyl and UDP-glucosyl transferase	266	418	9.2E-22	T	18-01-2026	IPR002213	UDP-glucuronosyl/UDP-glucosyltransferase	GO:0008194(InterPro)	Reactome:R-CEL-9840309|Reactome:R-HSA-156588|Reactome:R-HSA-189483|Reactome:R-HSA-1989781|Reactome:R-HSA-5579002|Reactome:R-HSA-5579016|Reactome:R-HSA-9623433|Reactome:R-HSA-9749641|Reactome:R-HSA-9753281|Reactome:R-HSA-9754706|Reactome:R-HSA-9757110|Reactome:R-HSA-9840309|Reactome:R-MMU-156588|Reactome:R-MMU-189483|Reactome:R-MMU-9749641|Reactome:R-MMU-9753281|Reactome:R-MMU-9754706|Reactome:R-MMU-9757110|Reactome:R-MMU-9840309|Reactome:R-RNO-156588|Reactome:R-RNO-189483|Reactome:R-RNO-9749641|Reactome:R-RNO-9753281|Reactome:R-RNO-9754706|Reactome:R-RNO-9757110|Reactome:R-RNO-9840309
XP_076898934_1	bce8dc063f0d2eb77fda0124e6405bf5	488	CDD	cd03784	GT1_Gtf-like	16	464	3.64773E-80	T	18-01-2026	IPR002213	UDP-glucuronosyl/UDP-glucosyltransferase	GO:0008194(InterPro)	Reactome:R-CEL-9840309|Reactome:R-HSA-156588|Reactome:R-HSA-189483|Reactome:R-HSA-1989781|Reactome:R-HSA-5579002|Reactome:R-HSA-5579016|Reactome:R-HSA-9623433|Reactome:R-HSA-9749641|Reactome:R-HSA-9753281|Reactome:R-HSA-9754706|Reactome:R-HSA-9757110|Reactome:R-HSA-9840309|Reactome:R-MMU-156588|Reactome:R-MMU-189483|Reactome:R-MMU-9749641|Reactome:R-MMU-9753281|Reactome:R-MMU-9754706|Reactome:R-MMU-9757110|Reactome:R-MMU-9840309|Reactome:R-RNO-156588|Reactome:R-RNO-189483|Reactome:R-RNO-9749641|Reactome:R-RNO-9753281|Reactome:R-RNO-9754706|Reactome:R-RNO-9757110|Reactome:R-RNO-9840309
XP_076898934_1	bce8dc063f0d2eb77fda0124e6405bf5	488	Pfam	PF00201	UDP-glucoronosyl and UDP-glucosyl transferase	232	451	3.2E-20	T	18-01-2026	IPR002213	UDP-glucuronosyl/UDP-glucosyltransferase	GO:0008194(InterPro)	Reactome:R-CEL-9840309|Reactome:R-HSA-156588|Reactome:R-HSA-189483|Reactome:R-HSA-1989781|Reactome:R-HSA-5579002|Reactome:R-HSA-5579016|Reactome:R-HSA-9623433|Reactome:R-HSA-9749641|Reactome:R-HSA-9753281|Reactome:R-HSA-9754706|Reactome:R-HSA-9757110|Reactome:R-HSA-9840309|Reactome:R-MMU-156588|Reactome:R-MMU-189483|Reactome:R-MMU-9749641|Reactome:R-MMU-9753281|Reactome:R-MMU-9754706|Reactome:R-MMU-9757110|Reactome:R-MMU-9840309|Reactome:R-RNO-156588|Reactome:R-RNO-189483|Reactome:R-RNO-9749641|Reactome:R-RNO-9753281|Reactome:R-RNO-9754706|Reactome:R-RNO-9757110|Reactome:R-RNO-9840309
XP_076898934_1	bce8dc063f0d2eb77fda0124e6405bf5	488	SUPERFAMILY	SSF53756	UDP-Glycosyltransferase/glycogen phosphorylase	15	476	3.18E-116	T	18-01-2026	-	-	-	-
XP_076898934_1	bce8dc063f0d2eb77fda0124e6405bf5	488	Pfam	PF26168	Glycosyltransferase, N-terminal domain	20	135	0.0031	T	18-01-2026	IPR058980	Glycosyltransferase, N-terminal domain	-	-
XP_076952295_1	ce5f3f785f7530c409ee9b7c7d2d5f6e	323	Pfam	PF26168	Glycosyltransferase, N-terminal domain	8	241	2.1E-60	T	18-01-2026	IPR058980	Glycosyltransferase, N-terminal domain	-	-
XP_076952295_1	ce5f3f785f7530c409ee9b7c7d2d5f6e	323	SUPERFAMILY	SSF53756	UDP-Glycosyltransferase/glycogen phosphorylase	10	308	1.64E-41	T	18-01-2026	-	-	-	-
XP_076904769_1	03618ff15eccb3d98fef91367e37f287	484	CDD	cd03784	GT1_Gtf-like	8	473	6.72117E-69	T	18-01-2026	IPR002213	UDP-glucuronosyl/UDP-glucosyltransferase	GO:0008194(InterPro)	Reactome:R-CEL-9840309|Reactome:R-HSA-156588|Reactome:R-HSA-189483|Reactome:R-HSA-1989781|Reactome:R-HSA-5579002|Reactome:R-HSA-5579016|Reactome:R-HSA-9623433|Reactome:R-HSA-9749641|Reactome:R-HSA-9753281|Reactome:R-HSA-9754706|Reactome:R-HSA-9757110|Reactome:R-HSA-9840309|Reactome:R-MMU-156588|Reactome:R-MMU-189483|Reactome:R-MMU-9749641|Reactome:R-MMU-9753281|Reactome:R-MMU-9754706|Reactome:R-MMU-9757110|Reactome:R-MMU-9840309|Reactome:R-RNO-156588|Reactome:R-RNO-189483|Reactome:R-RNO-9749641|Reactome:R-RNO-9753281|Reactome:R-RNO-9754706|Reactome:R-RNO-9757110|Reactome:R-RNO-9840309
XP_076904769_1	03618ff15eccb3d98fef91367e37f287	484	SUPERFAMILY	SSF53756	UDP-Glycosyltransferase/glycogen phosphorylase	8	477	5.83E-113	T	18-01-2026	-	-	-	-
XP_076904769_1	03618ff15eccb3d98fef91367e37f287	484	Pfam	PF00201	UDP-glucoronosyl and UDP-glucosyl transferase	289	412	5.9E-19	T	18-01-2026	IPR002213	UDP-glucuronosyl/UDP-glucosyltransferase	GO:0008194(InterPro)	Reactome:R-CEL-9840309|Reactome:R-HSA-156588|Reactome:R-HSA-189483|Reactome:R-HSA-1989781|Reactome:R-HSA-5579002|Reactome:R-HSA-5579016|Reactome:R-HSA-9623433|Reactome:R-HSA-9749641|Reactome:R-HSA-9753281|Reactome:R-HSA-9754706|Reactome:R-HSA-9757110|Reactome:R-HSA-9840309|Reactome:R-MMU-156588|Reactome:R-MMU-189483|Reactome:R-MMU-9749641|Reactome:R-MMU-9753281|Reactome:R-MMU-9754706|Reactome:R-MMU-9757110|Reactome:R-MMU-9840309|Reactome:R-RNO-156588|Reactome:R-RNO-189483|Reactome:R-RNO-9749641|Reactome:R-RNO-9753281|Reactome:R-RNO-9754706|Reactome:R-RNO-9757110|Reactome:R-RNO-9840309
XP_076956277_1	ab319445f62929893edab8b0ecc22212	458	SUPERFAMILY	SSF53756	UDP-Glycosyltransferase/glycogen phosphorylase	2	454	8.52E-110	T	18-01-2026	-	-	-	-
XP_076956277_1	ab319445f62929893edab8b0ecc22212	458	CDD	cd03784	GT1_Gtf-like	6	430	1.80518E-72	T	18-01-2026	IPR002213	UDP-glucuronosyl/UDP-glucosyltransferase	GO:0008194(InterPro)	Reactome:R-CEL-9840309|Reactome:R-HSA-156588|Reactome:R-HSA-189483|Reactome:R-HSA-1989781|Reactome:R-HSA-5579002|Reactome:R-HSA-5579016|Reactome:R-HSA-9623433|Reactome:R-HSA-9749641|Reactome:R-HSA-9753281|Reactome:R-HSA-9754706|Reactome:R-HSA-9757110|Reactome:R-HSA-9840309|Reactome:R-MMU-156588|Reactome:R-MMU-189483|Reactome:R-MMU-9749641|Reactome:R-MMU-9753281|Reactome:R-MMU-9754706|Reactome:R-MMU-9757110|Reactome:R-MMU-9840309|Reactome:R-RNO-156588|Reactome:R-RNO-189483|Reactome:R-RNO-9749641|Reactome:R-RNO-9753281|Reactome:R-RNO-9754706|Reactome:R-RNO-9757110|Reactome:R-RNO-9840309
XP_076956277_1	ab319445f62929893edab8b0ecc22212	458	Pfam	PF00201	UDP-glucoronosyl and UDP-glucosyl transferase	269	430	7.3E-19	T	18-01-2026	IPR002213	UDP-glucuronosyl/UDP-glucosyltransferase	GO:0008194(InterPro)	Reactome:R-CEL-9840309|Reactome:R-HSA-156588|Reactome:R-HSA-189483|Reactome:R-HSA-1989781|Reactome:R-HSA-5579002|Reactome:R-HSA-5579016|Reactome:R-HSA-9623433|Reactome:R-HSA-9749641|Reactome:R-HSA-9753281|Reactome:R-HSA-9754706|Reactome:R-HSA-9757110|Reactome:R-HSA-9840309|Reactome:R-MMU-156588|Reactome:R-MMU-189483|Reactome:R-MMU-9749641|Reactome:R-MMU-9753281|Reactome:R-MMU-9754706|Reactome:R-MMU-9757110|Reactome:R-MMU-9840309|Reactome:R-RNO-156588|Reactome:R-RNO-189483|Reactome:R-RNO-9749641|Reactome:R-RNO-9753281|Reactome:R-RNO-9754706|Reactome:R-RNO-9757110|Reactome:R-RNO-9840309
XP_076894537_1	fdc6929a8654af9bd97bc872d145dc76	557	Pfam	PF00501	AMP-binding enzyme	28	408	1.9E-72	T	18-01-2026	IPR000873	AMP-dependent synthetase/ligase domain	-	Reactome:R-BTA-75876|Reactome:R-BTA-77111|Reactome:R-BTA-77289|Reactome:R-CEL-77111|Reactome:R-DDI-2046105|Reactome:R-DDI-2046106|Reactome:R-DDI-2151201|Reactome:R-DDI-71384|Reactome:R-DDI-75876|Reactome:R-DDI-77111|Reactome:R-DME-71384|Reactome:R-DME-75876|Reactome:R-DRE-77111|Reactome:R-DRE-77289|Reactome:R-HSA-159418|Reactome:R-HSA-177128|Reactome:R-HSA-177135|Reactome:R-HSA-177162|Reactome:R-HSA-193368|Reactome:R-HSA-193775|Reactome:R-HSA-1989781|Reactome:R-HSA-2046105|Reactome:R-HSA-2046106|Reactome:R-HSA-2142753|Reactome:R-HSA-2151201|Reactome:R-HSA-389599|Reactome:R-HSA-390247|Reactome:R-HSA-434313|Reactome:R-HSA-5619108|Reactome:R-HSA-6798695|Reactome:R-HSA-71384|Reactome:R-HSA-75105|Reactome:R-HSA-75876|Reactome:R-HSA-77111|Reactome:R-HSA-77289|Reactome:R-HSA-77352|Reactome:R-HSA-804914|Reactome:R-HSA-9033241|Reactome:R-HSA-9749641|Reactome:R-HSA-9841922|Reactome:R-MMU-159418|Reactome:R-MMU-177128|Reactome:R-MMU-177135|Reactome:R-MMU-177162|Reactome:R-MMU-193368|Reactome:R-MMU-193775|Reactome:R-MMU-2046105|Reactome:R-MMU-2046106|Reactome:R-MMU-2151201|Reactome:R-MMU-389599|Reactome:R-MMU-390247|Reactome:R-MMU-434313|Reactome:R-MMU-6798695|Reactome:R-MMU-71384|Reactome:R-MMU-75105|Reactome:R-MMU-75876|Reactome:R-MMU-77111|Reactome:R-MMU-77289|Reactome:R-MMU-804914|Reactome:R-MMU-9033241|Reactome:R-MMU-9749641|Reactome:R-MTU-9635470|Reactome:R-RNO-159418|Reactome:R-RNO-177128|Reactome:R-RNO-177135|Reactome:R-RNO-177162|Reactome:R-RNO-193368|Reactome:R-RNO-193775|Reactome:R-RNO-2046105|Reactome:R-RNO-2046106|Reactome:R-RNO-389599|Reactome:R-RNO-390247|Reactome:R-RNO-434313|Reactome:R-RNO-6798695|Reactome:R-RNO-75105|Reactome:R-RNO-75876|Reactome:R-RNO-77111|Reactome:R-RNO-77289|Reactome:R-RNO-804914|Reactome:R-RNO-9033241|Reactome:R-RNO-9749641|Reactome:R-SCE-159418|Reactome:R-SCE-193368|Reactome:R-SCE-193775|Reactome:R-SCE-2151201|Reactome:R-SCE-389599|Reactome:R-SCE-390247|Reactome:R-SCE-434313|Reactome:R-SCE-6798695|Reactome:R-SCE-71384|Reactome:R-SCE-75105|Reactome:R-SCE-75876|Reactome:R-SCE-804914|Reactome:R-SCE-9033241|Reactome:R-SPO-2151201|Reactome:R-SPO-434313|Reactome:R-SPO-71384|Reactome:R-SPO-75876|Reactome:R-XTR-77111
XP_076894537_1	fdc6929a8654af9bd97bc872d145dc76	557	CDD	cd12118	ttLC_FACS_AEE21_like	19	542	0.0	T	18-01-2026	-	-	-	-
XP_076894537_1	fdc6929a8654af9bd97bc872d145dc76	557	SUPERFAMILY	SSF56801	Acetyl-CoA synthetase-like	13	548	2.62E-135	T	18-01-2026	-	-	-	-
XP_076894537_1	fdc6929a8654af9bd97bc872d145dc76	557	Pfam	PF13193	AMP-binding enzyme C-terminal domain	459	536	4.2E-21	T	18-01-2026	IPR025110	AMP-binding enzyme, C-terminal domain	-	Reactome:R-BTA-75876|Reactome:R-BTA-77111|Reactome:R-BTA-77289|Reactome:R-CEL-77111|Reactome:R-DDI-2151201|Reactome:R-DDI-71384|Reactome:R-DDI-77111|Reactome:R-DME-71384|Reactome:R-DRE-77289|Reactome:R-HSA-159418|Reactome:R-HSA-177128|Reactome:R-HSA-177135|Reactome:R-HSA-177162|Reactome:R-HSA-193368|Reactome:R-HSA-193775|Reactome:R-HSA-1989781|Reactome:R-HSA-2142753|Reactome:R-HSA-2151201|Reactome:R-HSA-389599|Reactome:R-HSA-390247|Reactome:R-HSA-5619108|Reactome:R-HSA-6798695|Reactome:R-HSA-71384|Reactome:R-HSA-75105|Reactome:R-HSA-75876|Reactome:R-HSA-77111|Reactome:R-HSA-77289|Reactome:R-HSA-77352|Reactome:R-HSA-804914|Reactome:R-HSA-9033241|Reactome:R-HSA-9749641|Reactome:R-HSA-9841922|Reactome:R-MMU-159418|Reactome:R-MMU-177128|Reactome:R-MMU-177135|Reactome:R-MMU-177162|Reactome:R-MMU-193368|Reactome:R-MMU-193775|Reactome:R-MMU-2151201|Reactome:R-MMU-389599|Reactome:R-MMU-390247|Reactome:R-MMU-6798695|Reactome:R-MMU-71384|Reactome:R-MMU-75105|Reactome:R-MMU-75876|Reactome:R-MMU-77111|Reactome:R-MMU-77289|Reactome:R-MMU-804914|Reactome:R-MMU-9033241|Reactome:R-MMU-9749641|Reactome:R-MTU-9635470|Reactome:R-RNO-159418|Reactome:R-RNO-177128|Reactome:R-RNO-177135|Reactome:R-RNO-177162|Reactome:R-RNO-193368|Reactome:R-RNO-193775|Reactome:R-RNO-389599|Reactome:R-RNO-390247|Reactome:R-RNO-6798695|Reactome:R-RNO-75105|Reactome:R-RNO-77111|Reactome:R-RNO-77289|Reactome:R-RNO-804914|Reactome:R-RNO-9033241|Reactome:R-RNO-9749641|Reactome:R-SCE-2151201|Reactome:R-SCE-71384|Reactome:R-SPO-2151201|Reactome:R-SPO-71384
XP_076882097_1	330304494dc37fc9ec2bcd6ab365a19f	551	Pfam	PF00501	AMP-binding enzyme	41	398	1.7E-74	T	18-01-2026	IPR000873	AMP-dependent synthetase/ligase domain	-	Reactome:R-BTA-75876|Reactome:R-BTA-77111|Reactome:R-BTA-77289|Reactome:R-CEL-77111|Reactome:R-DDI-2046105|Reactome:R-DDI-2046106|Reactome:R-DDI-2151201|Reactome:R-DDI-71384|Reactome:R-DDI-75876|Reactome:R-DDI-77111|Reactome:R-DME-71384|Reactome:R-DME-75876|Reactome:R-DRE-77111|Reactome:R-DRE-77289|Reactome:R-HSA-159418|Reactome:R-HSA-177128|Reactome:R-HSA-177135|Reactome:R-HSA-177162|Reactome:R-HSA-193368|Reactome:R-HSA-193775|Reactome:R-HSA-1989781|Reactome:R-HSA-2046105|Reactome:R-HSA-2046106|Reactome:R-HSA-2142753|Reactome:R-HSA-2151201|Reactome:R-HSA-389599|Reactome:R-HSA-390247|Reactome:R-HSA-434313|Reactome:R-HSA-5619108|Reactome:R-HSA-6798695|Reactome:R-HSA-71384|Reactome:R-HSA-75105|Reactome:R-HSA-75876|Reactome:R-HSA-77111|Reactome:R-HSA-77289|Reactome:R-HSA-77352|Reactome:R-HSA-804914|Reactome:R-HSA-9033241|Reactome:R-HSA-9749641|Reactome:R-HSA-9841922|Reactome:R-MMU-159418|Reactome:R-MMU-177128|Reactome:R-MMU-177135|Reactome:R-MMU-177162|Reactome:R-MMU-193368|Reactome:R-MMU-193775|Reactome:R-MMU-2046105|Reactome:R-MMU-2046106|Reactome:R-MMU-2151201|Reactome:R-MMU-389599|Reactome:R-MMU-390247|Reactome:R-MMU-434313|Reactome:R-MMU-6798695|Reactome:R-MMU-71384|Reactome:R-MMU-75105|Reactome:R-MMU-75876|Reactome:R-MMU-77111|Reactome:R-MMU-77289|Reactome:R-MMU-804914|Reactome:R-MMU-9033241|Reactome:R-MMU-9749641|Reactome:R-MTU-9635470|Reactome:R-RNO-159418|Reactome:R-RNO-177128|Reactome:R-RNO-177135|Reactome:R-RNO-177162|Reactome:R-RNO-193368|Reactome:R-RNO-193775|Reactome:R-RNO-2046105|Reactome:R-RNO-2046106|Reactome:R-RNO-389599|Reactome:R-RNO-390247|Reactome:R-RNO-434313|Reactome:R-RNO-6798695|Reactome:R-RNO-75105|Reactome:R-RNO-75876|Reactome:R-RNO-77111|Reactome:R-RNO-77289|Reactome:R-RNO-804914|Reactome:R-RNO-9033241|Reactome:R-RNO-9749641|Reactome:R-SCE-159418|Reactome:R-SCE-193368|Reactome:R-SCE-193775|Reactome:R-SCE-2151201|Reactome:R-SCE-389599|Reactome:R-SCE-390247|Reactome:R-SCE-434313|Reactome:R-SCE-6798695|Reactome:R-SCE-71384|Reactome:R-SCE-75105|Reactome:R-SCE-75876|Reactome:R-SCE-804914|Reactome:R-SCE-9033241|Reactome:R-SPO-2151201|Reactome:R-SPO-434313|Reactome:R-SPO-71384|Reactome:R-SPO-75876|Reactome:R-XTR-77111
XP_076882097_1	330304494dc37fc9ec2bcd6ab365a19f	551	SUPERFAMILY	SSF56801	Acetyl-CoA synthetase-like	13	543	2.22E-134	T	18-01-2026	-	-	-	-
XP_076882097_1	330304494dc37fc9ec2bcd6ab365a19f	551	TMHMM	TMhelix	Region of a membrane-bound protein predicted to be embedded in the membrane.	230	252	-	T	18-01-2026	-	-	-	-
XP_076882097_1	330304494dc37fc9ec2bcd6ab365a19f	551	Pfam	PF13193	AMP-binding enzyme C-terminal domain	449	524	2.3E-14	T	18-01-2026	IPR025110	AMP-binding enzyme, C-terminal domain	-	Reactome:R-BTA-75876|Reactome:R-BTA-77111|Reactome:R-BTA-77289|Reactome:R-CEL-77111|Reactome:R-DDI-2151201|Reactome:R-DDI-71384|Reactome:R-DDI-77111|Reactome:R-DME-71384|Reactome:R-DRE-77289|Reactome:R-HSA-159418|Reactome:R-HSA-177128|Reactome:R-HSA-177135|Reactome:R-HSA-177162|Reactome:R-HSA-193368|Reactome:R-HSA-193775|Reactome:R-HSA-1989781|Reactome:R-HSA-2142753|Reactome:R-HSA-2151201|Reactome:R-HSA-389599|Reactome:R-HSA-390247|Reactome:R-HSA-5619108|Reactome:R-HSA-6798695|Reactome:R-HSA-71384|Reactome:R-HSA-75105|Reactome:R-HSA-75876|Reactome:R-HSA-77111|Reactome:R-HSA-77289|Reactome:R-HSA-77352|Reactome:R-HSA-804914|Reactome:R-HSA-9033241|Reactome:R-HSA-9749641|Reactome:R-HSA-9841922|Reactome:R-MMU-159418|Reactome:R-MMU-177128|Reactome:R-MMU-177135|Reactome:R-MMU-177162|Reactome:R-MMU-193368|Reactome:R-MMU-193775|Reactome:R-MMU-2151201|Reactome:R-MMU-389599|Reactome:R-MMU-390247|Reactome:R-MMU-6798695|Reactome:R-MMU-71384|Reactome:R-MMU-75105|Reactome:R-MMU-75876|Reactome:R-MMU-77111|Reactome:R-MMU-77289|Reactome:R-MMU-804914|Reactome:R-MMU-9033241|Reactome:R-MMU-9749641|Reactome:R-MTU-9635470|Reactome:R-RNO-159418|Reactome:R-RNO-177128|Reactome:R-RNO-177135|Reactome:R-RNO-177162|Reactome:R-RNO-193368|Reactome:R-RNO-193775|Reactome:R-RNO-389599|Reactome:R-RNO-390247|Reactome:R-RNO-6798695|Reactome:R-RNO-75105|Reactome:R-RNO-77111|Reactome:R-RNO-77289|Reactome:R-RNO-804914|Reactome:R-RNO-9033241|Reactome:R-RNO-9749641|Reactome:R-SCE-2151201|Reactome:R-SCE-71384|Reactome:R-SPO-2151201|Reactome:R-SPO-71384
XP_076882097_1	330304494dc37fc9ec2bcd6ab365a19f	551	CDD	cd05904	4CL	26	528	0.0	T	18-01-2026	-	-	-	-
XP_076882097_1	330304494dc37fc9ec2bcd6ab365a19f	551	TMHMM	TMhelix	Region of a membrane-bound protein predicted to be embedded in the membrane.	84	106	-	T	18-01-2026	-	-	-	-
XP_076895538_1	a6f574a17787b61dc3205a469b4a2eff	502	Pfam	PF00201	UDP-glucoronosyl and UDP-glucosyl transferase	300	430	3.1E-17	T	18-01-2026	IPR002213	UDP-glucuronosyl/UDP-glucosyltransferase	GO:0008194(InterPro)	Reactome:R-CEL-9840309|Reactome:R-HSA-156588|Reactome:R-HSA-189483|Reactome:R-HSA-1989781|Reactome:R-HSA-5579002|Reactome:R-HSA-5579016|Reactome:R-HSA-9623433|Reactome:R-HSA-9749641|Reactome:R-HSA-9753281|Reactome:R-HSA-9754706|Reactome:R-HSA-9757110|Reactome:R-HSA-9840309|Reactome:R-MMU-156588|Reactome:R-MMU-189483|Reactome:R-MMU-9749641|Reactome:R-MMU-9753281|Reactome:R-MMU-9754706|Reactome:R-MMU-9757110|Reactome:R-MMU-9840309|Reactome:R-RNO-156588|Reactome:R-RNO-189483|Reactome:R-RNO-9749641|Reactome:R-RNO-9753281|Reactome:R-RNO-9754706|Reactome:R-RNO-9757110|Reactome:R-RNO-9840309
XP_076895538_1	a6f574a17787b61dc3205a469b4a2eff	502	Pfam	PF26168	Glycosyltransferase, N-terminal domain	37	272	5.4E-77	T	18-01-2026	IPR058980	Glycosyltransferase, N-terminal domain	-	-
XP_076895538_1	a6f574a17787b61dc3205a469b4a2eff	502	SUPERFAMILY	SSF53756	UDP-Glycosyltransferase/glycogen phosphorylase	36	502	5.38E-96	T	18-01-2026	-	-	-	-
XP_076895538_1	a6f574a17787b61dc3205a469b4a2eff	502	CDD	cd03784	GT1_Gtf-like	40	440	5.72842E-54	T	18-01-2026	IPR002213	UDP-glucuronosyl/UDP-glucosyltransferase	GO:0008194(InterPro)	Reactome:R-CEL-9840309|Reactome:R-HSA-156588|Reactome:R-HSA-189483|Reactome:R-HSA-1989781|Reactome:R-HSA-5579002|Reactome:R-HSA-5579016|Reactome:R-HSA-9623433|Reactome:R-HSA-9749641|Reactome:R-HSA-9753281|Reactome:R-HSA-9754706|Reactome:R-HSA-9757110|Reactome:R-HSA-9840309|Reactome:R-MMU-156588|Reactome:R-MMU-189483|Reactome:R-MMU-9749641|Reactome:R-MMU-9753281|Reactome:R-MMU-9754706|Reactome:R-MMU-9757110|Reactome:R-MMU-9840309|Reactome:R-RNO-156588|Reactome:R-RNO-189483|Reactome:R-RNO-9749641|Reactome:R-RNO-9753281|Reactome:R-RNO-9754706|Reactome:R-RNO-9757110|Reactome:R-RNO-9840309
XP_076918278_1	98d1e318fd0d18c434637e0e48a577c3	723	SUPERFAMILY	SSF56801	Acetyl-CoA synthetase-like	114	716	1.44E-87	T	18-01-2026	-	-	-	-
XP_076918278_1	98d1e318fd0d18c434637e0e48a577c3	723	Phobius	TRANSMEMBRANE	Region of a membrane-bound protein predicted to be embedded in the membrane.	243	264	-	T	18-01-2026	-	-	-	-
XP_076918278_1	98d1e318fd0d18c434637e0e48a577c3	723	Phobius	NON_CYTOPLASMIC_DOMAIN	Region of a membrane-bound protein predicted to be outside the membrane, in the extracellular region.	1	242	-	T	18-01-2026	-	-	-	-
XP_076918278_1	98d1e318fd0d18c434637e0e48a577c3	723	Pfam	PF16177	Acetyl-coenzyme A synthetase N-terminus	124	181	0.0062	T	18-01-2026	IPR032387	Acetyl-coenzyme A synthetase, N-terminal domain	-	MetaCyc:PWY-5108|MetaCyc:PWY-5132|MetaCyc:PWY-5133|MetaCyc:PWY-6672|MetaCyc:PWY-7118|MetaCyc:PWY-7857|MetaCyc:PWY-8303|MetaCyc:PWY-8328|Reactome:R-BTA-77111|Reactome:R-CEL-77111|Reactome:R-DDI-2151201|Reactome:R-DDI-71384|Reactome:R-DDI-77111|Reactome:R-DME-71384|Reactome:R-DRE-77111|Reactome:R-HSA-2151201|Reactome:R-HSA-71384|Reactome:R-HSA-77111|Reactome:R-HSA-9841922|Reactome:R-MMU-2151201|Reactome:R-MMU-71384|Reactome:R-MMU-77111|Reactome:R-RNO-77111|Reactome:R-SCE-2151201|Reactome:R-SCE-71384|Reactome:R-SPO-2151201|Reactome:R-SPO-71384|Reactome:R-XTR-77111
XP_076918278_1	98d1e318fd0d18c434637e0e48a577c3	723	TMHMM	TMhelix	Region of a membrane-bound protein predicted to be embedded in the membrane.	238	260	-	T	18-01-2026	-	-	-	-
XP_076918278_1	98d1e318fd0d18c434637e0e48a577c3	723	Phobius	CYTOPLASMIC_DOMAIN	Region of a membrane-bound protein predicted to be outside the membrane, in the cytoplasm.	265	723	-	T	18-01-2026	-	-	-	-
XP_076918278_1	98d1e318fd0d18c434637e0e48a577c3	723	Pfam	PF00501	AMP-binding enzyme	187	552	2.8E-36	T	18-01-2026	IPR000873	AMP-dependent synthetase/ligase domain	-	Reactome:R-BTA-75876|Reactome:R-BTA-77111|Reactome:R-BTA-77289|Reactome:R-CEL-77111|Reactome:R-DDI-2046105|Reactome:R-DDI-2046106|Reactome:R-DDI-2151201|Reactome:R-DDI-71384|Reactome:R-DDI-75876|Reactome:R-DDI-77111|Reactome:R-DME-71384|Reactome:R-DME-75876|Reactome:R-DRE-77111|Reactome:R-DRE-77289|Reactome:R-HSA-159418|Reactome:R-HSA-177128|Reactome:R-HSA-177135|Reactome:R-HSA-177162|Reactome:R-HSA-193368|Reactome:R-HSA-193775|Reactome:R-HSA-1989781|Reactome:R-HSA-2046105|Reactome:R-HSA-2046106|Reactome:R-HSA-2142753|Reactome:R-HSA-2151201|Reactome:R-HSA-389599|Reactome:R-HSA-390247|Reactome:R-HSA-434313|Reactome:R-HSA-5619108|Reactome:R-HSA-6798695|Reactome:R-HSA-71384|Reactome:R-HSA-75105|Reactome:R-HSA-75876|Reactome:R-HSA-77111|Reactome:R-HSA-77289|Reactome:R-HSA-77352|Reactome:R-HSA-804914|Reactome:R-HSA-9033241|Reactome:R-HSA-9749641|Reactome:R-HSA-9841922|Reactome:R-MMU-159418|Reactome:R-MMU-177128|Reactome:R-MMU-177135|Reactome:R-MMU-177162|Reactome:R-MMU-193368|Reactome:R-MMU-193775|Reactome:R-MMU-2046105|Reactome:R-MMU-2046106|Reactome:R-MMU-2151201|Reactome:R-MMU-389599|Reactome:R-MMU-390247|Reactome:R-MMU-434313|Reactome:R-MMU-6798695|Reactome:R-MMU-71384|Reactome:R-MMU-75105|Reactome:R-MMU-75876|Reactome:R-MMU-77111|Reactome:R-MMU-77289|Reactome:R-MMU-804914|Reactome:R-MMU-9033241|Reactome:R-MMU-9749641|Reactome:R-MTU-9635470|Reactome:R-RNO-159418|Reactome:R-RNO-177128|Reactome:R-RNO-177135|Reactome:R-RNO-177162|Reactome:R-RNO-193368|Reactome:R-RNO-193775|Reactome:R-RNO-2046105|Reactome:R-RNO-2046106|Reactome:R-RNO-389599|Reactome:R-RNO-390247|Reactome:R-RNO-434313|Reactome:R-RNO-6798695|Reactome:R-RNO-75105|Reactome:R-RNO-75876|Reactome:R-RNO-77111|Reactome:R-RNO-77289|Reactome:R-RNO-804914|Reactome:R-RNO-9033241|Reactome:R-RNO-9749641|Reactome:R-SCE-159418|Reactome:R-SCE-193368|Reactome:R-SCE-193775|Reactome:R-SCE-2151201|Reactome:R-SCE-389599|Reactome:R-SCE-390247|Reactome:R-SCE-434313|Reactome:R-SCE-6798695|Reactome:R-SCE-71384|Reactome:R-SCE-75105|Reactome:R-SCE-75876|Reactome:R-SCE-804914|Reactome:R-SCE-9033241|Reactome:R-SPO-2151201|Reactome:R-SPO-434313|Reactome:R-SPO-71384|Reactome:R-SPO-75876|Reactome:R-XTR-77111
XP_076918278_1	98d1e318fd0d18c434637e0e48a577c3	723	TMHMM	TMhelix	Region of a membrane-bound protein predicted to be embedded in the membrane.	402	424	-	T	18-01-2026	-	-	-	-
XP_076888483_1	4a9cba80207bb2d84e6374c8e9cf519e	467	SUPERFAMILY	SSF53756	UDP-Glycosyltransferase/glycogen phosphorylase	10	466	7.07E-94	T	18-01-2026	-	-	-	-
XP_076888483_1	4a9cba80207bb2d84e6374c8e9cf519e	467	Pfam	PF26168	Glycosyltransferase, N-terminal domain	8	242	6.0E-63	T	18-01-2026	IPR058980	Glycosyltransferase, N-terminal domain	-	-
XP_076888483_1	4a9cba80207bb2d84e6374c8e9cf519e	467	CDD	cd03784	GT1_Gtf-like	11	442	3.17785E-58	T	18-01-2026	IPR002213	UDP-glucuronosyl/UDP-glucosyltransferase	GO:0008194(InterPro)	Reactome:R-CEL-9840309|Reactome:R-HSA-156588|Reactome:R-HSA-189483|Reactome:R-HSA-1989781|Reactome:R-HSA-5579002|Reactome:R-HSA-5579016|Reactome:R-HSA-9623433|Reactome:R-HSA-9749641|Reactome:R-HSA-9753281|Reactome:R-HSA-9754706|Reactome:R-HSA-9757110|Reactome:R-HSA-9840309|Reactome:R-MMU-156588|Reactome:R-MMU-189483|Reactome:R-MMU-9749641|Reactome:R-MMU-9753281|Reactome:R-MMU-9754706|Reactome:R-MMU-9757110|Reactome:R-MMU-9840309|Reactome:R-RNO-156588|Reactome:R-RNO-189483|Reactome:R-RNO-9749641|Reactome:R-RNO-9753281|Reactome:R-RNO-9754706|Reactome:R-RNO-9757110|Reactome:R-RNO-9840309
XP_076888483_1	4a9cba80207bb2d84e6374c8e9cf519e	467	Pfam	PF00201	UDP-glucoronosyl and UDP-glucosyl transferase	266	392	6.2E-14	T	18-01-2026	IPR002213	UDP-glucuronosyl/UDP-glucosyltransferase	GO:0008194(InterPro)	Reactome:R-CEL-9840309|Reactome:R-HSA-156588|Reactome:R-HSA-189483|Reactome:R-HSA-1989781|Reactome:R-HSA-5579002|Reactome:R-HSA-5579016|Reactome:R-HSA-9623433|Reactome:R-HSA-9749641|Reactome:R-HSA-9753281|Reactome:R-HSA-9754706|Reactome:R-HSA-9757110|Reactome:R-HSA-9840309|Reactome:R-MMU-156588|Reactome:R-MMU-189483|Reactome:R-MMU-9749641|Reactome:R-MMU-9753281|Reactome:R-MMU-9754706|Reactome:R-MMU-9757110|Reactome:R-MMU-9840309|Reactome:R-RNO-156588|Reactome:R-RNO-189483|Reactome:R-RNO-9749641|Reactome:R-RNO-9753281|Reactome:R-RNO-9754706|Reactome:R-RNO-9757110|Reactome:R-RNO-9840309
XP_076903749_1	29bc194f4d886d3392611cba4a9f8ecf	452	CDD	cd03784	GT1_Gtf-like	5	430	5.10315E-75	T	18-01-2026	IPR002213	UDP-glucuronosyl/UDP-glucosyltransferase	GO:0008194(InterPro)	Reactome:R-CEL-9840309|Reactome:R-HSA-156588|Reactome:R-HSA-189483|Reactome:R-HSA-1989781|Reactome:R-HSA-5579002|Reactome:R-HSA-5579016|Reactome:R-HSA-9623433|Reactome:R-HSA-9749641|Reactome:R-HSA-9753281|Reactome:R-HSA-9754706|Reactome:R-HSA-9757110|Reactome:R-HSA-9840309|Reactome:R-MMU-156588|Reactome:R-MMU-189483|Reactome:R-MMU-9749641|Reactome:R-MMU-9753281|Reactome:R-MMU-9754706|Reactome:R-MMU-9757110|Reactome:R-MMU-9840309|Reactome:R-RNO-156588|Reactome:R-RNO-189483|Reactome:R-RNO-9749641|Reactome:R-RNO-9753281|Reactome:R-RNO-9754706|Reactome:R-RNO-9757110|Reactome:R-RNO-9840309
XP_076903749_1	29bc194f4d886d3392611cba4a9f8ecf	452	Pfam	PF00201	UDP-glucoronosyl and UDP-glucosyl transferase	267	411	2.6E-19	T	18-01-2026	IPR002213	UDP-glucuronosyl/UDP-glucosyltransferase	GO:0008194(InterPro)	Reactome:R-CEL-9840309|Reactome:R-HSA-156588|Reactome:R-HSA-189483|Reactome:R-HSA-1989781|Reactome:R-HSA-5579002|Reactome:R-HSA-5579016|Reactome:R-HSA-9623433|Reactome:R-HSA-9749641|Reactome:R-HSA-9753281|Reactome:R-HSA-9754706|Reactome:R-HSA-9757110|Reactome:R-HSA-9840309|Reactome:R-MMU-156588|Reactome:R-MMU-189483|Reactome:R-MMU-9749641|Reactome:R-MMU-9753281|Reactome:R-MMU-9754706|Reactome:R-MMU-9757110|Reactome:R-MMU-9840309|Reactome:R-RNO-156588|Reactome:R-RNO-189483|Reactome:R-RNO-9749641|Reactome:R-RNO-9753281|Reactome:R-RNO-9754706|Reactome:R-RNO-9757110|Reactome:R-RNO-9840309
XP_076903749_1	29bc194f4d886d3392611cba4a9f8ecf	452	SUPERFAMILY	SSF53756	UDP-Glycosyltransferase/glycogen phosphorylase	4	447	4.49E-116	T	18-01-2026	-	-	-	-
XP_076895073_1	1405711969f9dd7e43b74b080f54b1ed	658	Pfam	PF00501	AMP-binding enzyme	51	482	8.7E-80	T	18-01-2026	IPR000873	AMP-dependent synthetase/ligase domain	-	Reactome:R-BTA-75876|Reactome:R-BTA-77111|Reactome:R-BTA-77289|Reactome:R-CEL-77111|Reactome:R-DDI-2046105|Reactome:R-DDI-2046106|Reactome:R-DDI-2151201|Reactome:R-DDI-71384|Reactome:R-DDI-75876|Reactome:R-DDI-77111|Reactome:R-DME-71384|Reactome:R-DME-75876|Reactome:R-DRE-77111|Reactome:R-DRE-77289|Reactome:R-HSA-159418|Reactome:R-HSA-177128|Reactome:R-HSA-177135|Reactome:R-HSA-177162|Reactome:R-HSA-193368|Reactome:R-HSA-193775|Reactome:R-HSA-1989781|Reactome:R-HSA-2046105|Reactome:R-HSA-2046106|Reactome:R-HSA-2142753|Reactome:R-HSA-2151201|Reactome:R-HSA-389599|Reactome:R-HSA-390247|Reactome:R-HSA-434313|Reactome:R-HSA-5619108|Reactome:R-HSA-6798695|Reactome:R-HSA-71384|Reactome:R-HSA-75105|Reactome:R-HSA-75876|Reactome:R-HSA-77111|Reactome:R-HSA-77289|Reactome:R-HSA-77352|Reactome:R-HSA-804914|Reactome:R-HSA-9033241|Reactome:R-HSA-9749641|Reactome:R-HSA-9841922|Reactome:R-MMU-159418|Reactome:R-MMU-177128|Reactome:R-MMU-177135|Reactome:R-MMU-177162|Reactome:R-MMU-193368|Reactome:R-MMU-193775|Reactome:R-MMU-2046105|Reactome:R-MMU-2046106|Reactome:R-MMU-2151201|Reactome:R-MMU-389599|Reactome:R-MMU-390247|Reactome:R-MMU-434313|Reactome:R-MMU-6798695|Reactome:R-MMU-71384|Reactome:R-MMU-75105|Reactome:R-MMU-75876|Reactome:R-MMU-77111|Reactome:R-MMU-77289|Reactome:R-MMU-804914|Reactome:R-MMU-9033241|Reactome:R-MMU-9749641|Reactome:R-MTU-9635470|Reactome:R-RNO-159418|Reactome:R-RNO-177128|Reactome:R-RNO-177135|Reactome:R-RNO-177162|Reactome:R-RNO-193368|Reactome:R-RNO-193775|Reactome:R-RNO-2046105|Reactome:R-RNO-2046106|Reactome:R-RNO-389599|Reactome:R-RNO-390247|Reactome:R-RNO-434313|Reactome:R-RNO-6798695|Reactome:R-RNO-75105|Reactome:R-RNO-75876|Reactome:R-RNO-77111|Reactome:R-RNO-77289|Reactome:R-RNO-804914|Reactome:R-RNO-9033241|Reactome:R-RNO-9749641|Reactome:R-SCE-159418|Reactome:R-SCE-193368|Reactome:R-SCE-193775|Reactome:R-SCE-2151201|Reactome:R-SCE-389599|Reactome:R-SCE-390247|Reactome:R-SCE-434313|Reactome:R-SCE-6798695|Reactome:R-SCE-71384|Reactome:R-SCE-75105|Reactome:R-SCE-75876|Reactome:R-SCE-804914|Reactome:R-SCE-9033241|Reactome:R-SPO-2151201|Reactome:R-SPO-434313|Reactome:R-SPO-71384|Reactome:R-SPO-75876|Reactome:R-XTR-77111
XP_076895073_1	1405711969f9dd7e43b74b080f54b1ed	658	CDD	cd05927	LC-FACS_euk	74	655	0.0	T	18-01-2026	IPR045311	Long-chain fatty acid CoA synthetase, eukaryotic	GO:0004467(InterPro)|GO:0006631(InterPro)	MetaCyc:PWY-1121|MetaCyc:PWY-321|MetaCyc:PWY-5143|MetaCyc:PWY-5147|MetaCyc:PWY-5710|MetaCyc:PWY-5885|MetaCyc:PWY-5971|MetaCyc:PWY-5972|MetaCyc:PWY-5989|MetaCyc:PWY-6000|MetaCyc:PWY-6001|MetaCyc:PWY-6733|MetaCyc:PWY-6803|MetaCyc:PWY-6873|MetaCyc:PWY-6920|MetaCyc:PWY-7033|MetaCyc:PWY-7049|MetaCyc:PWY-7094|MetaCyc:PWY-7119|MetaCyc:PWY-7724|MetaCyc:PWY-8279|MetaCyc:PWY-8280|Reactome:R-DDI-2046105|Reactome:R-DDI-2046106|Reactome:R-DDI-75876|Reactome:R-HSA-1989781|Reactome:R-HSA-2046105|Reactome:R-HSA-2046106|Reactome:R-HSA-75876|Reactome:R-HSA-9841922|Reactome:R-MMU-2046105|Reactome:R-MMU-2046106|Reactome:R-MMU-75876|Reactome:R-RNO-2046105|Reactome:R-RNO-2046106|Reactome:R-RNO-75876|Reactome:R-SCE-75876
XP_076895073_1	1405711969f9dd7e43b74b080f54b1ed	658	SUPERFAMILY	SSF56801	Acetyl-CoA synthetase-like	43	655	1.44E-111	T	18-01-2026	-	-	-	-
XP_076929361_1	8ce6620b184c9f692e0056081fcfadfd	531	Pfam	PF00501	AMP-binding enzyme	38	391	4.8E-80	T	18-01-2026	IPR000873	AMP-dependent synthetase/ligase domain	-	Reactome:R-BTA-75876|Reactome:R-BTA-77111|Reactome:R-BTA-77289|Reactome:R-CEL-77111|Reactome:R-DDI-2046105|Reactome:R-DDI-2046106|Reactome:R-DDI-2151201|Reactome:R-DDI-71384|Reactome:R-DDI-75876|Reactome:R-DDI-77111|Reactome:R-DME-71384|Reactome:R-DME-75876|Reactome:R-DRE-77111|Reactome:R-DRE-77289|Reactome:R-HSA-159418|Reactome:R-HSA-177128|Reactome:R-HSA-177135|Reactome:R-HSA-177162|Reactome:R-HSA-193368|Reactome:R-HSA-193775|Reactome:R-HSA-1989781|Reactome:R-HSA-2046105|Reactome:R-HSA-2046106|Reactome:R-HSA-2142753|Reactome:R-HSA-2151201|Reactome:R-HSA-389599|Reactome:R-HSA-390247|Reactome:R-HSA-434313|Reactome:R-HSA-5619108|Reactome:R-HSA-6798695|Reactome:R-HSA-71384|Reactome:R-HSA-75105|Reactome:R-HSA-75876|Reactome:R-HSA-77111|Reactome:R-HSA-77289|Reactome:R-HSA-77352|Reactome:R-HSA-804914|Reactome:R-HSA-9033241|Reactome:R-HSA-9749641|Reactome:R-HSA-9841922|Reactome:R-MMU-159418|Reactome:R-MMU-177128|Reactome:R-MMU-177135|Reactome:R-MMU-177162|Reactome:R-MMU-193368|Reactome:R-MMU-193775|Reactome:R-MMU-2046105|Reactome:R-MMU-2046106|Reactome:R-MMU-2151201|Reactome:R-MMU-389599|Reactome:R-MMU-390247|Reactome:R-MMU-434313|Reactome:R-MMU-6798695|Reactome:R-MMU-71384|Reactome:R-MMU-75105|Reactome:R-MMU-75876|Reactome:R-MMU-77111|Reactome:R-MMU-77289|Reactome:R-MMU-804914|Reactome:R-MMU-9033241|Reactome:R-MMU-9749641|Reactome:R-MTU-9635470|Reactome:R-RNO-159418|Reactome:R-RNO-177128|Reactome:R-RNO-177135|Reactome:R-RNO-177162|Reactome:R-RNO-193368|Reactome:R-RNO-193775|Reactome:R-RNO-2046105|Reactome:R-RNO-2046106|Reactome:R-RNO-389599|Reactome:R-RNO-390247|Reactome:R-RNO-434313|Reactome:R-RNO-6798695|Reactome:R-RNO-75105|Reactome:R-RNO-75876|Reactome:R-RNO-77111|Reactome:R-RNO-77289|Reactome:R-RNO-804914|Reactome:R-RNO-9033241|Reactome:R-RNO-9749641|Reactome:R-SCE-159418|Reactome:R-SCE-193368|Reactome:R-SCE-193775|Reactome:R-SCE-2151201|Reactome:R-SCE-389599|Reactome:R-SCE-390247|Reactome:R-SCE-434313|Reactome:R-SCE-6798695|Reactome:R-SCE-71384|Reactome:R-SCE-75105|Reactome:R-SCE-75876|Reactome:R-SCE-804914|Reactome:R-SCE-9033241|Reactome:R-SPO-2151201|Reactome:R-SPO-434313|Reactome:R-SPO-71384|Reactome:R-SPO-75876|Reactome:R-XTR-77111
XP_076929361_1	8ce6620b184c9f692e0056081fcfadfd	531	Pfam	PF13193	AMP-binding enzyme C-terminal domain	442	517	2.7E-12	T	18-01-2026	IPR025110	AMP-binding enzyme, C-terminal domain	-	Reactome:R-BTA-75876|Reactome:R-BTA-77111|Reactome:R-BTA-77289|Reactome:R-CEL-77111|Reactome:R-DDI-2151201|Reactome:R-DDI-71384|Reactome:R-DDI-77111|Reactome:R-DME-71384|Reactome:R-DRE-77289|Reactome:R-HSA-159418|Reactome:R-HSA-177128|Reactome:R-HSA-177135|Reactome:R-HSA-177162|Reactome:R-HSA-193368|Reactome:R-HSA-193775|Reactome:R-HSA-1989781|Reactome:R-HSA-2142753|Reactome:R-HSA-2151201|Reactome:R-HSA-389599|Reactome:R-HSA-390247|Reactome:R-HSA-5619108|Reactome:R-HSA-6798695|Reactome:R-HSA-71384|Reactome:R-HSA-75105|Reactome:R-HSA-75876|Reactome:R-HSA-77111|Reactome:R-HSA-77289|Reactome:R-HSA-77352|Reactome:R-HSA-804914|Reactome:R-HSA-9033241|Reactome:R-HSA-9749641|Reactome:R-HSA-9841922|Reactome:R-MMU-159418|Reactome:R-MMU-177128|Reactome:R-MMU-177135|Reactome:R-MMU-177162|Reactome:R-MMU-193368|Reactome:R-MMU-193775|Reactome:R-MMU-2151201|Reactome:R-MMU-389599|Reactome:R-MMU-390247|Reactome:R-MMU-6798695|Reactome:R-MMU-71384|Reactome:R-MMU-75105|Reactome:R-MMU-75876|Reactome:R-MMU-77111|Reactome:R-MMU-77289|Reactome:R-MMU-804914|Reactome:R-MMU-9033241|Reactome:R-MMU-9749641|Reactome:R-MTU-9635470|Reactome:R-RNO-159418|Reactome:R-RNO-177128|Reactome:R-RNO-177135|Reactome:R-RNO-177162|Reactome:R-RNO-193368|Reactome:R-RNO-193775|Reactome:R-RNO-389599|Reactome:R-RNO-390247|Reactome:R-RNO-6798695|Reactome:R-RNO-75105|Reactome:R-RNO-77111|Reactome:R-RNO-77289|Reactome:R-RNO-804914|Reactome:R-RNO-9033241|Reactome:R-RNO-9749641|Reactome:R-SCE-2151201|Reactome:R-SCE-71384|Reactome:R-SPO-2151201|Reactome:R-SPO-71384
XP_076929361_1	8ce6620b184c9f692e0056081fcfadfd	531	Phobius	CYTOPLASMIC_DOMAIN	Region of a membrane-bound protein predicted to be outside the membrane, in the cytoplasm.	1	220	-	T	18-01-2026	-	-	-	-
XP_076929361_1	8ce6620b184c9f692e0056081fcfadfd	531	Phobius	NON_CYTOPLASMIC_DOMAIN	Region of a membrane-bound protein predicted to be outside the membrane, in the extracellular region.	240	531	-	T	18-01-2026	-	-	-	-
XP_076929361_1	8ce6620b184c9f692e0056081fcfadfd	531	Phobius	TRANSMEMBRANE	Region of a membrane-bound protein predicted to be embedded in the membrane.	221	239	-	T	18-01-2026	-	-	-	-
XP_076929361_1	8ce6620b184c9f692e0056081fcfadfd	531	SUPERFAMILY	SSF56801	Acetyl-CoA synthetase-like	22	529	4.19E-138	T	18-01-2026	-	-	-	-
XP_076929361_1	8ce6620b184c9f692e0056081fcfadfd	531	CDD	cd05904	4CL	23	523	0.0	T	18-01-2026	-	-	-	-
XP_076936545_1	36b6b9704b81e5b7c6af881de55ae0ca	481	SUPERFAMILY	SSF53756	UDP-Glycosyltransferase/glycogen phosphorylase	8	471	1.14E-125	T	18-01-2026	-	-	-	-
XP_076936545_1	36b6b9704b81e5b7c6af881de55ae0ca	481	Phobius	CYTOPLASMIC_DOMAIN	Region of a membrane-bound protein predicted to be outside the membrane, in the cytoplasm.	155	481	-	T	18-01-2026	-	-	-	-
XP_076936545_1	36b6b9704b81e5b7c6af881de55ae0ca	481	Phobius	CYTOPLASMIC_DOMAIN	Region of a membrane-bound protein predicted to be outside the membrane, in the cytoplasm.	1	110	-	T	18-01-2026	-	-	-	-
XP_076936545_1	36b6b9704b81e5b7c6af881de55ae0ca	481	Pfam	PF26168	Glycosyltransferase, N-terminal domain	11	116	0.0095	T	18-01-2026	IPR058980	Glycosyltransferase, N-terminal domain	-	-
XP_076936545_1	36b6b9704b81e5b7c6af881de55ae0ca	481	Phobius	TRANSMEMBRANE	Region of a membrane-bound protein predicted to be embedded in the membrane.	111	130	-	T	18-01-2026	-	-	-	-
XP_076936545_1	36b6b9704b81e5b7c6af881de55ae0ca	481	Pfam	PF00201	UDP-glucoronosyl and UDP-glucosyl transferase	295	442	1.8E-20	T	18-01-2026	IPR002213	UDP-glucuronosyl/UDP-glucosyltransferase	GO:0008194(InterPro)	Reactome:R-CEL-9840309|Reactome:R-HSA-156588|Reactome:R-HSA-189483|Reactome:R-HSA-1989781|Reactome:R-HSA-5579002|Reactome:R-HSA-5579016|Reactome:R-HSA-9623433|Reactome:R-HSA-9749641|Reactome:R-HSA-9753281|Reactome:R-HSA-9754706|Reactome:R-HSA-9757110|Reactome:R-HSA-9840309|Reactome:R-MMU-156588|Reactome:R-MMU-189483|Reactome:R-MMU-9749641|Reactome:R-MMU-9753281|Reactome:R-MMU-9754706|Reactome:R-MMU-9757110|Reactome:R-MMU-9840309|Reactome:R-RNO-156588|Reactome:R-RNO-189483|Reactome:R-RNO-9749641|Reactome:R-RNO-9753281|Reactome:R-RNO-9754706|Reactome:R-RNO-9757110|Reactome:R-RNO-9840309
XP_076936545_1	36b6b9704b81e5b7c6af881de55ae0ca	481	CDD	cd03784	GT1_Gtf-like	9	467	1.97552E-81	T	18-01-2026	IPR002213	UDP-glucuronosyl/UDP-glucosyltransferase	GO:0008194(InterPro)	Reactome:R-CEL-9840309|Reactome:R-HSA-156588|Reactome:R-HSA-189483|Reactome:R-HSA-1989781|Reactome:R-HSA-5579002|Reactome:R-HSA-5579016|Reactome:R-HSA-9623433|Reactome:R-HSA-9749641|Reactome:R-HSA-9753281|Reactome:R-HSA-9754706|Reactome:R-HSA-9757110|Reactome:R-HSA-9840309|Reactome:R-MMU-156588|Reactome:R-MMU-189483|Reactome:R-MMU-9749641|Reactome:R-MMU-9753281|Reactome:R-MMU-9754706|Reactome:R-MMU-9757110|Reactome:R-MMU-9840309|Reactome:R-RNO-156588|Reactome:R-RNO-189483|Reactome:R-RNO-9749641|Reactome:R-RNO-9753281|Reactome:R-RNO-9754706|Reactome:R-RNO-9757110|Reactome:R-RNO-9840309
XP_076936545_1	36b6b9704b81e5b7c6af881de55ae0ca	481	Phobius	NON_CYTOPLASMIC_DOMAIN	Region of a membrane-bound protein predicted to be outside the membrane, in the extracellular region.	131	135	-	T	18-01-2026	-	-	-	-
XP_076936545_1	36b6b9704b81e5b7c6af881de55ae0ca	481	Phobius	TRANSMEMBRANE	Region of a membrane-bound protein predicted to be embedded in the membrane.	136	154	-	T	18-01-2026	-	-	-	-
XP_076883020_1	9b85d0c0424737ce7067073ec185a193	551	Pfam	PF00201	UDP-glucoronosyl and UDP-glucosyl transferase	282	413	1.2E-19	T	18-01-2026	IPR002213	UDP-glucuronosyl/UDP-glucosyltransferase	GO:0008194(InterPro)	Reactome:R-CEL-9840309|Reactome:R-HSA-156588|Reactome:R-HSA-189483|Reactome:R-HSA-1989781|Reactome:R-HSA-5579002|Reactome:R-HSA-5579016|Reactome:R-HSA-9623433|Reactome:R-HSA-9749641|Reactome:R-HSA-9753281|Reactome:R-HSA-9754706|Reactome:R-HSA-9757110|Reactome:R-HSA-9840309|Reactome:R-MMU-156588|Reactome:R-MMU-189483|Reactome:R-MMU-9749641|Reactome:R-MMU-9753281|Reactome:R-MMU-9754706|Reactome:R-MMU-9757110|Reactome:R-MMU-9840309|Reactome:R-RNO-156588|Reactome:R-RNO-189483|Reactome:R-RNO-9749641|Reactome:R-RNO-9753281|Reactome:R-RNO-9754706|Reactome:R-RNO-9757110|Reactome:R-RNO-9840309
XP_076883020_1	9b85d0c0424737ce7067073ec185a193	551	SUPERFAMILY	SSF53756	UDP-Glycosyltransferase/glycogen phosphorylase	8	477	7.46E-114	T	18-01-2026	-	-	-	-
XP_076883020_1	9b85d0c0424737ce7067073ec185a193	551	CDD	cd03784	GT1_Gtf-like	8	466	1.99059E-70	T	18-01-2026	IPR002213	UDP-glucuronosyl/UDP-glucosyltransferase	GO:0008194(InterPro)	Reactome:R-CEL-9840309|Reactome:R-HSA-156588|Reactome:R-HSA-189483|Reactome:R-HSA-1989781|Reactome:R-HSA-5579002|Reactome:R-HSA-5579016|Reactome:R-HSA-9623433|Reactome:R-HSA-9749641|Reactome:R-HSA-9753281|Reactome:R-HSA-9754706|Reactome:R-HSA-9757110|Reactome:R-HSA-9840309|Reactome:R-MMU-156588|Reactome:R-MMU-189483|Reactome:R-MMU-9749641|Reactome:R-MMU-9753281|Reactome:R-MMU-9754706|Reactome:R-MMU-9757110|Reactome:R-MMU-9840309|Reactome:R-RNO-156588|Reactome:R-RNO-189483|Reactome:R-RNO-9749641|Reactome:R-RNO-9753281|Reactome:R-RNO-9754706|Reactome:R-RNO-9757110|Reactome:R-RNO-9840309
XP_076952726_1	d9d07e4a079a004e06ee4e1d23cb2369	464	Pfam	PF00201	UDP-glucoronosyl and UDP-glucosyl transferase	269	421	1.8E-17	T	18-01-2026	IPR002213	UDP-glucuronosyl/UDP-glucosyltransferase	GO:0008194(InterPro)	Reactome:R-CEL-9840309|Reactome:R-HSA-156588|Reactome:R-HSA-189483|Reactome:R-HSA-1989781|Reactome:R-HSA-5579002|Reactome:R-HSA-5579016|Reactome:R-HSA-9623433|Reactome:R-HSA-9749641|Reactome:R-HSA-9753281|Reactome:R-HSA-9754706|Reactome:R-HSA-9757110|Reactome:R-HSA-9840309|Reactome:R-MMU-156588|Reactome:R-MMU-189483|Reactome:R-MMU-9749641|Reactome:R-MMU-9753281|Reactome:R-MMU-9754706|Reactome:R-MMU-9757110|Reactome:R-MMU-9840309|Reactome:R-RNO-156588|Reactome:R-RNO-189483|Reactome:R-RNO-9749641|Reactome:R-RNO-9753281|Reactome:R-RNO-9754706|Reactome:R-RNO-9757110|Reactome:R-RNO-9840309
XP_076952726_1	d9d07e4a079a004e06ee4e1d23cb2369	464	SUPERFAMILY	SSF53756	UDP-Glycosyltransferase/glycogen phosphorylase	3	448	1.7E-104	T	18-01-2026	-	-	-	-
XP_076952726_1	d9d07e4a079a004e06ee4e1d23cb2369	464	CDD	cd03784	GT1_Gtf-like	4	438	1.06632E-72	T	18-01-2026	IPR002213	UDP-glucuronosyl/UDP-glucosyltransferase	GO:0008194(InterPro)	Reactome:R-CEL-9840309|Reactome:R-HSA-156588|Reactome:R-HSA-189483|Reactome:R-HSA-1989781|Reactome:R-HSA-5579002|Reactome:R-HSA-5579016|Reactome:R-HSA-9623433|Reactome:R-HSA-9749641|Reactome:R-HSA-9753281|Reactome:R-HSA-9754706|Reactome:R-HSA-9757110|Reactome:R-HSA-9840309|Reactome:R-MMU-156588|Reactome:R-MMU-189483|Reactome:R-MMU-9749641|Reactome:R-MMU-9753281|Reactome:R-MMU-9754706|Reactome:R-MMU-9757110|Reactome:R-MMU-9840309|Reactome:R-RNO-156588|Reactome:R-RNO-189483|Reactome:R-RNO-9749641|Reactome:R-RNO-9753281|Reactome:R-RNO-9754706|Reactome:R-RNO-9757110|Reactome:R-RNO-9840309
XP_076885305_1	67526fb4aef2f8978af1bbeaf83f8e01	442	Phobius	SIGNAL_PEPTIDE_N_REGION	N-terminal region of a signal peptide.	1	6	-	T	18-01-2026	-	-	-	-
XP_076885305_1	67526fb4aef2f8978af1bbeaf83f8e01	442	SUPERFAMILY	SSF53756	UDP-Glycosyltransferase/glycogen phosphorylase	4	438	3.38E-104	T	18-01-2026	-	-	-	-
XP_076885305_1	67526fb4aef2f8978af1bbeaf83f8e01	442	CDD	cd03784	GT1_Gtf-like	6	424	4.14512E-79	T	18-01-2026	IPR002213	UDP-glucuronosyl/UDP-glucosyltransferase	GO:0008194(InterPro)	Reactome:R-CEL-9840309|Reactome:R-HSA-156588|Reactome:R-HSA-189483|Reactome:R-HSA-1989781|Reactome:R-HSA-5579002|Reactome:R-HSA-5579016|Reactome:R-HSA-9623433|Reactome:R-HSA-9749641|Reactome:R-HSA-9753281|Reactome:R-HSA-9754706|Reactome:R-HSA-9757110|Reactome:R-HSA-9840309|Reactome:R-MMU-156588|Reactome:R-MMU-189483|Reactome:R-MMU-9749641|Reactome:R-MMU-9753281|Reactome:R-MMU-9754706|Reactome:R-MMU-9757110|Reactome:R-MMU-9840309|Reactome:R-RNO-156588|Reactome:R-RNO-189483|Reactome:R-RNO-9749641|Reactome:R-RNO-9753281|Reactome:R-RNO-9754706|Reactome:R-RNO-9757110|Reactome:R-RNO-9840309
XP_076885305_1	67526fb4aef2f8978af1bbeaf83f8e01	442	Phobius	SIGNAL_PEPTIDE_C_REGION	C-terminal region of a signal peptide.	19	25	-	T	18-01-2026	-	-	-	-
XP_076885305_1	67526fb4aef2f8978af1bbeaf83f8e01	442	Phobius	SIGNAL_PEPTIDE_H_REGION	Hydrophobic region of a signal peptide.	7	18	-	T	18-01-2026	-	-	-	-
XP_076885305_1	67526fb4aef2f8978af1bbeaf83f8e01	442	Phobius	NON_CYTOPLASMIC_DOMAIN	Region of a membrane-bound protein predicted to be outside the membrane, in the extracellular region.	26	442	-	T	18-01-2026	-	-	-	-
XP_076885305_1	67526fb4aef2f8978af1bbeaf83f8e01	442	Phobius	SIGNAL_PEPTIDE	Signal peptide region	1	25	-	T	18-01-2026	-	-	-	-
XP_076885305_1	67526fb4aef2f8978af1bbeaf83f8e01	442	Pfam	PF00201	UDP-glucoronosyl and UDP-glucosyl transferase	256	413	1.3E-19	T	18-01-2026	IPR002213	UDP-glucuronosyl/UDP-glucosyltransferase	GO:0008194(InterPro)	Reactome:R-CEL-9840309|Reactome:R-HSA-156588|Reactome:R-HSA-189483|Reactome:R-HSA-1989781|Reactome:R-HSA-5579002|Reactome:R-HSA-5579016|Reactome:R-HSA-9623433|Reactome:R-HSA-9749641|Reactome:R-HSA-9753281|Reactome:R-HSA-9754706|Reactome:R-HSA-9757110|Reactome:R-HSA-9840309|Reactome:R-MMU-156588|Reactome:R-MMU-189483|Reactome:R-MMU-9749641|Reactome:R-MMU-9753281|Reactome:R-MMU-9754706|Reactome:R-MMU-9757110|Reactome:R-MMU-9840309|Reactome:R-RNO-156588|Reactome:R-RNO-189483|Reactome:R-RNO-9749641|Reactome:R-RNO-9753281|Reactome:R-RNO-9754706|Reactome:R-RNO-9757110|Reactome:R-RNO-9840309
XP_076940076_1	f58574138cd62278ed5a5e432fc249a4	569	Pfam	PF00501	AMP-binding enzyme	27	419	8.0E-69	T	18-01-2026	IPR000873	AMP-dependent synthetase/ligase domain	-	Reactome:R-BTA-75876|Reactome:R-BTA-77111|Reactome:R-BTA-77289|Reactome:R-CEL-77111|Reactome:R-DDI-2046105|Reactome:R-DDI-2046106|Reactome:R-DDI-2151201|Reactome:R-DDI-71384|Reactome:R-DDI-75876|Reactome:R-DDI-77111|Reactome:R-DME-71384|Reactome:R-DME-75876|Reactome:R-DRE-77111|Reactome:R-DRE-77289|Reactome:R-HSA-159418|Reactome:R-HSA-177128|Reactome:R-HSA-177135|Reactome:R-HSA-177162|Reactome:R-HSA-193368|Reactome:R-HSA-193775|Reactome:R-HSA-1989781|Reactome:R-HSA-2046105|Reactome:R-HSA-2046106|Reactome:R-HSA-2142753|Reactome:R-HSA-2151201|Reactome:R-HSA-389599|Reactome:R-HSA-390247|Reactome:R-HSA-434313|Reactome:R-HSA-5619108|Reactome:R-HSA-6798695|Reactome:R-HSA-71384|Reactome:R-HSA-75105|Reactome:R-HSA-75876|Reactome:R-HSA-77111|Reactome:R-HSA-77289|Reactome:R-HSA-77352|Reactome:R-HSA-804914|Reactome:R-HSA-9033241|Reactome:R-HSA-9749641|Reactome:R-HSA-9841922|Reactome:R-MMU-159418|Reactome:R-MMU-177128|Reactome:R-MMU-177135|Reactome:R-MMU-177162|Reactome:R-MMU-193368|Reactome:R-MMU-193775|Reactome:R-MMU-2046105|Reactome:R-MMU-2046106|Reactome:R-MMU-2151201|Reactome:R-MMU-389599|Reactome:R-MMU-390247|Reactome:R-MMU-434313|Reactome:R-MMU-6798695|Reactome:R-MMU-71384|Reactome:R-MMU-75105|Reactome:R-MMU-75876|Reactome:R-MMU-77111|Reactome:R-MMU-77289|Reactome:R-MMU-804914|Reactome:R-MMU-9033241|Reactome:R-MMU-9749641|Reactome:R-MTU-9635470|Reactome:R-RNO-159418|Reactome:R-RNO-177128|Reactome:R-RNO-177135|Reactome:R-RNO-177162|Reactome:R-RNO-193368|Reactome:R-RNO-193775|Reactome:R-RNO-2046105|Reactome:R-RNO-2046106|Reactome:R-RNO-389599|Reactome:R-RNO-390247|Reactome:R-RNO-434313|Reactome:R-RNO-6798695|Reactome:R-RNO-75105|Reactome:R-RNO-75876|Reactome:R-RNO-77111|Reactome:R-RNO-77289|Reactome:R-RNO-804914|Reactome:R-RNO-9033241|Reactome:R-RNO-9749641|Reactome:R-SCE-159418|Reactome:R-SCE-193368|Reactome:R-SCE-193775|Reactome:R-SCE-2151201|Reactome:R-SCE-389599|Reactome:R-SCE-390247|Reactome:R-SCE-434313|Reactome:R-SCE-6798695|Reactome:R-SCE-71384|Reactome:R-SCE-75105|Reactome:R-SCE-75876|Reactome:R-SCE-804914|Reactome:R-SCE-9033241|Reactome:R-SPO-2151201|Reactome:R-SPO-434313|Reactome:R-SPO-71384|Reactome:R-SPO-75876|Reactome:R-XTR-77111
XP_076940076_1	f58574138cd62278ed5a5e432fc249a4	569	Pfam	PF13193	AMP-binding enzyme C-terminal domain	469	548	1.2E-16	T	18-01-2026	IPR025110	AMP-binding enzyme, C-terminal domain	-	Reactome:R-BTA-75876|Reactome:R-BTA-77111|Reactome:R-BTA-77289|Reactome:R-CEL-77111|Reactome:R-DDI-2151201|Reactome:R-DDI-71384|Reactome:R-DDI-77111|Reactome:R-DME-71384|Reactome:R-DRE-77289|Reactome:R-HSA-159418|Reactome:R-HSA-177128|Reactome:R-HSA-177135|Reactome:R-HSA-177162|Reactome:R-HSA-193368|Reactome:R-HSA-193775|Reactome:R-HSA-1989781|Reactome:R-HSA-2142753|Reactome:R-HSA-2151201|Reactome:R-HSA-389599|Reactome:R-HSA-390247|Reactome:R-HSA-5619108|Reactome:R-HSA-6798695|Reactome:R-HSA-71384|Reactome:R-HSA-75105|Reactome:R-HSA-75876|Reactome:R-HSA-77111|Reactome:R-HSA-77289|Reactome:R-HSA-77352|Reactome:R-HSA-804914|Reactome:R-HSA-9033241|Reactome:R-HSA-9749641|Reactome:R-HSA-9841922|Reactome:R-MMU-159418|Reactome:R-MMU-177128|Reactome:R-MMU-177135|Reactome:R-MMU-177162|Reactome:R-MMU-193368|Reactome:R-MMU-193775|Reactome:R-MMU-2151201|Reactome:R-MMU-389599|Reactome:R-MMU-390247|Reactome:R-MMU-6798695|Reactome:R-MMU-71384|Reactome:R-MMU-75105|Reactome:R-MMU-75876|Reactome:R-MMU-77111|Reactome:R-MMU-77289|Reactome:R-MMU-804914|Reactome:R-MMU-9033241|Reactome:R-MMU-9749641|Reactome:R-MTU-9635470|Reactome:R-RNO-159418|Reactome:R-RNO-177128|Reactome:R-RNO-177135|Reactome:R-RNO-177162|Reactome:R-RNO-193368|Reactome:R-RNO-193775|Reactome:R-RNO-389599|Reactome:R-RNO-390247|Reactome:R-RNO-6798695|Reactome:R-RNO-75105|Reactome:R-RNO-77111|Reactome:R-RNO-77289|Reactome:R-RNO-804914|Reactome:R-RNO-9033241|Reactome:R-RNO-9749641|Reactome:R-SCE-2151201|Reactome:R-SCE-71384|Reactome:R-SPO-2151201|Reactome:R-SPO-71384
XP_076940076_1	f58574138cd62278ed5a5e432fc249a4	569	SUPERFAMILY	SSF56801	Acetyl-CoA synthetase-like	15	560	1.11E-129	T	18-01-2026	-	-	-	-
XP_076940076_1	f58574138cd62278ed5a5e432fc249a4	569	CDD	cd12118	ttLC_FACS_AEE21_like	17	556	0.0	T	18-01-2026	-	-	-	-
XP_076932444_1	9ebd009bb119a56f186323bbb6c0fdec	477	Pfam	PF00201	UDP-glucoronosyl and UDP-glucosyl transferase	225	431	7.0E-23	T	18-01-2026	IPR002213	UDP-glucuronosyl/UDP-glucosyltransferase	GO:0008194(InterPro)	Reactome:R-CEL-9840309|Reactome:R-HSA-156588|Reactome:R-HSA-189483|Reactome:R-HSA-1989781|Reactome:R-HSA-5579002|Reactome:R-HSA-5579016|Reactome:R-HSA-9623433|Reactome:R-HSA-9749641|Reactome:R-HSA-9753281|Reactome:R-HSA-9754706|Reactome:R-HSA-9757110|Reactome:R-HSA-9840309|Reactome:R-MMU-156588|Reactome:R-MMU-189483|Reactome:R-MMU-9749641|Reactome:R-MMU-9753281|Reactome:R-MMU-9754706|Reactome:R-MMU-9757110|Reactome:R-MMU-9840309|Reactome:R-RNO-156588|Reactome:R-RNO-189483|Reactome:R-RNO-9749641|Reactome:R-RNO-9753281|Reactome:R-RNO-9754706|Reactome:R-RNO-9757110|Reactome:R-RNO-9840309
XP_076932444_1	9ebd009bb119a56f186323bbb6c0fdec	477	SUPERFAMILY	SSF53756	UDP-Glycosyltransferase/glycogen phosphorylase	18	464	1.43E-114	T	18-01-2026	-	-	-	-
XP_076932444_1	9ebd009bb119a56f186323bbb6c0fdec	477	CDD	cd03784	GT1_Gtf-like	21	446	2.87855E-88	T	18-01-2026	IPR002213	UDP-glucuronosyl/UDP-glucosyltransferase	GO:0008194(InterPro)	Reactome:R-CEL-9840309|Reactome:R-HSA-156588|Reactome:R-HSA-189483|Reactome:R-HSA-1989781|Reactome:R-HSA-5579002|Reactome:R-HSA-5579016|Reactome:R-HSA-9623433|Reactome:R-HSA-9749641|Reactome:R-HSA-9753281|Reactome:R-HSA-9754706|Reactome:R-HSA-9757110|Reactome:R-HSA-9840309|Reactome:R-MMU-156588|Reactome:R-MMU-189483|Reactome:R-MMU-9749641|Reactome:R-MMU-9753281|Reactome:R-MMU-9754706|Reactome:R-MMU-9757110|Reactome:R-MMU-9840309|Reactome:R-RNO-156588|Reactome:R-RNO-189483|Reactome:R-RNO-9749641|Reactome:R-RNO-9753281|Reactome:R-RNO-9754706|Reactome:R-RNO-9757110|Reactome:R-RNO-9840309
XP_076945097_1	f794aefe67bc7e84223d42cee103fc1f	543	CDD	cd12118	ttLC_FACS_AEE21_like	13	529	0.0	T	18-01-2026	-	-	-	-
XP_076945097_1	f794aefe67bc7e84223d42cee103fc1f	543	Pfam	PF13193	AMP-binding enzyme C-terminal domain	448	521	8.6E-20	T	18-01-2026	IPR025110	AMP-binding enzyme, C-terminal domain	-	Reactome:R-BTA-75876|Reactome:R-BTA-77111|Reactome:R-BTA-77289|Reactome:R-CEL-77111|Reactome:R-DDI-2151201|Reactome:R-DDI-71384|Reactome:R-DDI-77111|Reactome:R-DME-71384|Reactome:R-DRE-77289|Reactome:R-HSA-159418|Reactome:R-HSA-177128|Reactome:R-HSA-177135|Reactome:R-HSA-177162|Reactome:R-HSA-193368|Reactome:R-HSA-193775|Reactome:R-HSA-1989781|Reactome:R-HSA-2142753|Reactome:R-HSA-2151201|Reactome:R-HSA-389599|Reactome:R-HSA-390247|Reactome:R-HSA-5619108|Reactome:R-HSA-6798695|Reactome:R-HSA-71384|Reactome:R-HSA-75105|Reactome:R-HSA-75876|Reactome:R-HSA-77111|Reactome:R-HSA-77289|Reactome:R-HSA-77352|Reactome:R-HSA-804914|Reactome:R-HSA-9033241|Reactome:R-HSA-9749641|Reactome:R-HSA-9841922|Reactome:R-MMU-159418|Reactome:R-MMU-177128|Reactome:R-MMU-177135|Reactome:R-MMU-177162|Reactome:R-MMU-193368|Reactome:R-MMU-193775|Reactome:R-MMU-2151201|Reactome:R-MMU-389599|Reactome:R-MMU-390247|Reactome:R-MMU-6798695|Reactome:R-MMU-71384|Reactome:R-MMU-75105|Reactome:R-MMU-75876|Reactome:R-MMU-77111|Reactome:R-MMU-77289|Reactome:R-MMU-804914|Reactome:R-MMU-9033241|Reactome:R-MMU-9749641|Reactome:R-MTU-9635470|Reactome:R-RNO-159418|Reactome:R-RNO-177128|Reactome:R-RNO-177135|Reactome:R-RNO-177162|Reactome:R-RNO-193368|Reactome:R-RNO-193775|Reactome:R-RNO-389599|Reactome:R-RNO-390247|Reactome:R-RNO-6798695|Reactome:R-RNO-75105|Reactome:R-RNO-77111|Reactome:R-RNO-77289|Reactome:R-RNO-804914|Reactome:R-RNO-9033241|Reactome:R-RNO-9749641|Reactome:R-SCE-2151201|Reactome:R-SCE-71384|Reactome:R-SPO-2151201|Reactome:R-SPO-71384
XP_076945097_1	f794aefe67bc7e84223d42cee103fc1f	543	Pfam	PF00501	AMP-binding enzyme	20	397	1.2E-73	T	18-01-2026	IPR000873	AMP-dependent synthetase/ligase domain	-	Reactome:R-BTA-75876|Reactome:R-BTA-77111|Reactome:R-BTA-77289|Reactome:R-CEL-77111|Reactome:R-DDI-2046105|Reactome:R-DDI-2046106|Reactome:R-DDI-2151201|Reactome:R-DDI-71384|Reactome:R-DDI-75876|Reactome:R-DDI-77111|Reactome:R-DME-71384|Reactome:R-DME-75876|Reactome:R-DRE-77111|Reactome:R-DRE-77289|Reactome:R-HSA-159418|Reactome:R-HSA-177128|Reactome:R-HSA-177135|Reactome:R-HSA-177162|Reactome:R-HSA-193368|Reactome:R-HSA-193775|Reactome:R-HSA-1989781|Reactome:R-HSA-2046105|Reactome:R-HSA-2046106|Reactome:R-HSA-2142753|Reactome:R-HSA-2151201|Reactome:R-HSA-389599|Reactome:R-HSA-390247|Reactome:R-HSA-434313|Reactome:R-HSA-5619108|Reactome:R-HSA-6798695|Reactome:R-HSA-71384|Reactome:R-HSA-75105|Reactome:R-HSA-75876|Reactome:R-HSA-77111|Reactome:R-HSA-77289|Reactome:R-HSA-77352|Reactome:R-HSA-804914|Reactome:R-HSA-9033241|Reactome:R-HSA-9749641|Reactome:R-HSA-9841922|Reactome:R-MMU-159418|Reactome:R-MMU-177128|Reactome:R-MMU-177135|Reactome:R-MMU-177162|Reactome:R-MMU-193368|Reactome:R-MMU-193775|Reactome:R-MMU-2046105|Reactome:R-MMU-2046106|Reactome:R-MMU-2151201|Reactome:R-MMU-389599|Reactome:R-MMU-390247|Reactome:R-MMU-434313|Reactome:R-MMU-6798695|Reactome:R-MMU-71384|Reactome:R-MMU-75105|Reactome:R-MMU-75876|Reactome:R-MMU-77111|Reactome:R-MMU-77289|Reactome:R-MMU-804914|Reactome:R-MMU-9033241|Reactome:R-MMU-9749641|Reactome:R-MTU-9635470|Reactome:R-RNO-159418|Reactome:R-RNO-177128|Reactome:R-RNO-177135|Reactome:R-RNO-177162|Reactome:R-RNO-193368|Reactome:R-RNO-193775|Reactome:R-RNO-2046105|Reactome:R-RNO-2046106|Reactome:R-RNO-389599|Reactome:R-RNO-390247|Reactome:R-RNO-434313|Reactome:R-RNO-6798695|Reactome:R-RNO-75105|Reactome:R-RNO-75876|Reactome:R-RNO-77111|Reactome:R-RNO-77289|Reactome:R-RNO-804914|Reactome:R-RNO-9033241|Reactome:R-RNO-9749641|Reactome:R-SCE-159418|Reactome:R-SCE-193368|Reactome:R-SCE-193775|Reactome:R-SCE-2151201|Reactome:R-SCE-389599|Reactome:R-SCE-390247|Reactome:R-SCE-434313|Reactome:R-SCE-6798695|Reactome:R-SCE-71384|Reactome:R-SCE-75105|Reactome:R-SCE-75876|Reactome:R-SCE-804914|Reactome:R-SCE-9033241|Reactome:R-SPO-2151201|Reactome:R-SPO-434313|Reactome:R-SPO-71384|Reactome:R-SPO-75876|Reactome:R-XTR-77111
XP_076945097_1	f794aefe67bc7e84223d42cee103fc1f	543	SUPERFAMILY	SSF56801	Acetyl-CoA synthetase-like	10	533	2.35E-134	T	18-01-2026	-	-	-	-
XP_076897525_1	20cb293e58570e12812cda45700a96db	659	SUPERFAMILY	SSF56801	Acetyl-CoA synthetase-like	40	652	6.28E-112	T	18-01-2026	-	-	-	-
XP_076897525_1	20cb293e58570e12812cda45700a96db	659	CDD	cd05927	LC-FACS_euk	72	652	0.0	T	18-01-2026	IPR045311	Long-chain fatty acid CoA synthetase, eukaryotic	GO:0004467(InterPro)|GO:0006631(InterPro)	MetaCyc:PWY-1121|MetaCyc:PWY-321|MetaCyc:PWY-5143|MetaCyc:PWY-5147|MetaCyc:PWY-5710|MetaCyc:PWY-5885|MetaCyc:PWY-5971|MetaCyc:PWY-5972|MetaCyc:PWY-5989|MetaCyc:PWY-6000|MetaCyc:PWY-6001|MetaCyc:PWY-6733|MetaCyc:PWY-6803|MetaCyc:PWY-6873|MetaCyc:PWY-6920|MetaCyc:PWY-7033|MetaCyc:PWY-7049|MetaCyc:PWY-7094|MetaCyc:PWY-7119|MetaCyc:PWY-7724|MetaCyc:PWY-8279|MetaCyc:PWY-8280|Reactome:R-DDI-2046105|Reactome:R-DDI-2046106|Reactome:R-DDI-75876|Reactome:R-HSA-1989781|Reactome:R-HSA-2046105|Reactome:R-HSA-2046106|Reactome:R-HSA-75876|Reactome:R-HSA-9841922|Reactome:R-MMU-2046105|Reactome:R-MMU-2046106|Reactome:R-MMU-75876|Reactome:R-RNO-2046105|Reactome:R-RNO-2046106|Reactome:R-RNO-75876|Reactome:R-SCE-75876
XP_076897525_1	20cb293e58570e12812cda45700a96db	659	Pfam	PF00501	AMP-binding enzyme	48	479	2.3E-79	T	18-01-2026	IPR000873	AMP-dependent synthetase/ligase domain	-	Reactome:R-BTA-75876|Reactome:R-BTA-77111|Reactome:R-BTA-77289|Reactome:R-CEL-77111|Reactome:R-DDI-2046105|Reactome:R-DDI-2046106|Reactome:R-DDI-2151201|Reactome:R-DDI-71384|Reactome:R-DDI-75876|Reactome:R-DDI-77111|Reactome:R-DME-71384|Reactome:R-DME-75876|Reactome:R-DRE-77111|Reactome:R-DRE-77289|Reactome:R-HSA-159418|Reactome:R-HSA-177128|Reactome:R-HSA-177135|Reactome:R-HSA-177162|Reactome:R-HSA-193368|Reactome:R-HSA-193775|Reactome:R-HSA-1989781|Reactome:R-HSA-2046105|Reactome:R-HSA-2046106|Reactome:R-HSA-2142753|Reactome:R-HSA-2151201|Reactome:R-HSA-389599|Reactome:R-HSA-390247|Reactome:R-HSA-434313|Reactome:R-HSA-5619108|Reactome:R-HSA-6798695|Reactome:R-HSA-71384|Reactome:R-HSA-75105|Reactome:R-HSA-75876|Reactome:R-HSA-77111|Reactome:R-HSA-77289|Reactome:R-HSA-77352|Reactome:R-HSA-804914|Reactome:R-HSA-9033241|Reactome:R-HSA-9749641|Reactome:R-HSA-9841922|Reactome:R-MMU-159418|Reactome:R-MMU-177128|Reactome:R-MMU-177135|Reactome:R-MMU-177162|Reactome:R-MMU-193368|Reactome:R-MMU-193775|Reactome:R-MMU-2046105|Reactome:R-MMU-2046106|Reactome:R-MMU-2151201|Reactome:R-MMU-389599|Reactome:R-MMU-390247|Reactome:R-MMU-434313|Reactome:R-MMU-6798695|Reactome:R-MMU-71384|Reactome:R-MMU-75105|Reactome:R-MMU-75876|Reactome:R-MMU-77111|Reactome:R-MMU-77289|Reactome:R-MMU-804914|Reactome:R-MMU-9033241|Reactome:R-MMU-9749641|Reactome:R-MTU-9635470|Reactome:R-RNO-159418|Reactome:R-RNO-177128|Reactome:R-RNO-177135|Reactome:R-RNO-177162|Reactome:R-RNO-193368|Reactome:R-RNO-193775|Reactome:R-RNO-2046105|Reactome:R-RNO-2046106|Reactome:R-RNO-389599|Reactome:R-RNO-390247|Reactome:R-RNO-434313|Reactome:R-RNO-6798695|Reactome:R-RNO-75105|Reactome:R-RNO-75876|Reactome:R-RNO-77111|Reactome:R-RNO-77289|Reactome:R-RNO-804914|Reactome:R-RNO-9033241|Reactome:R-RNO-9749641|Reactome:R-SCE-159418|Reactome:R-SCE-193368|Reactome:R-SCE-193775|Reactome:R-SCE-2151201|Reactome:R-SCE-389599|Reactome:R-SCE-390247|Reactome:R-SCE-434313|Reactome:R-SCE-6798695|Reactome:R-SCE-71384|Reactome:R-SCE-75105|Reactome:R-SCE-75876|Reactome:R-SCE-804914|Reactome:R-SCE-9033241|Reactome:R-SPO-2151201|Reactome:R-SPO-434313|Reactome:R-SPO-71384|Reactome:R-SPO-75876|Reactome:R-XTR-77111
XP_076886488_1	a835a11941e09081479d8b58bb90f7eb	204	CDD	cd03784	GT1_Gtf-like	36	185	2.52001E-40	T	18-01-2026	IPR002213	UDP-glucuronosyl/UDP-glucosyltransferase	GO:0008194(InterPro)	Reactome:R-CEL-9840309|Reactome:R-HSA-156588|Reactome:R-HSA-189483|Reactome:R-HSA-1989781|Reactome:R-HSA-5579002|Reactome:R-HSA-5579016|Reactome:R-HSA-9623433|Reactome:R-HSA-9749641|Reactome:R-HSA-9753281|Reactome:R-HSA-9754706|Reactome:R-HSA-9757110|Reactome:R-HSA-9840309|Reactome:R-MMU-156588|Reactome:R-MMU-189483|Reactome:R-MMU-9749641|Reactome:R-MMU-9753281|Reactome:R-MMU-9754706|Reactome:R-MMU-9757110|Reactome:R-MMU-9840309|Reactome:R-RNO-156588|Reactome:R-RNO-189483|Reactome:R-RNO-9749641|Reactome:R-RNO-9753281|Reactome:R-RNO-9754706|Reactome:R-RNO-9757110|Reactome:R-RNO-9840309
XP_076886488_1	a835a11941e09081479d8b58bb90f7eb	204	Pfam	PF00201	UDP-glucoronosyl and UDP-glucosyl transferase	61	195	8.8E-16	T	18-01-2026	IPR002213	UDP-glucuronosyl/UDP-glucosyltransferase	GO:0008194(InterPro)	Reactome:R-CEL-9840309|Reactome:R-HSA-156588|Reactome:R-HSA-189483|Reactome:R-HSA-1989781|Reactome:R-HSA-5579002|Reactome:R-HSA-5579016|Reactome:R-HSA-9623433|Reactome:R-HSA-9749641|Reactome:R-HSA-9753281|Reactome:R-HSA-9754706|Reactome:R-HSA-9757110|Reactome:R-HSA-9840309|Reactome:R-MMU-156588|Reactome:R-MMU-189483|Reactome:R-MMU-9749641|Reactome:R-MMU-9753281|Reactome:R-MMU-9754706|Reactome:R-MMU-9757110|Reactome:R-MMU-9840309|Reactome:R-RNO-156588|Reactome:R-RNO-189483|Reactome:R-RNO-9749641|Reactome:R-RNO-9753281|Reactome:R-RNO-9754706|Reactome:R-RNO-9757110|Reactome:R-RNO-9840309
XP_076886488_1	a835a11941e09081479d8b58bb90f7eb	204	SUPERFAMILY	SSF53756	UDP-Glycosyltransferase/glycogen phosphorylase	9	202	2.89E-65	T	18-01-2026	-	-	-	-
XP_076925131_1	ac2f2b7fa6b148993573a07c8e0ce353	456	Pfam	PF00201	UDP-glucoronosyl and UDP-glucosyl transferase	270	417	1.9E-21	T	18-01-2026	IPR002213	UDP-glucuronosyl/UDP-glucosyltransferase	GO:0008194(InterPro)	Reactome:R-CEL-9840309|Reactome:R-HSA-156588|Reactome:R-HSA-189483|Reactome:R-HSA-1989781|Reactome:R-HSA-5579002|Reactome:R-HSA-5579016|Reactome:R-HSA-9623433|Reactome:R-HSA-9749641|Reactome:R-HSA-9753281|Reactome:R-HSA-9754706|Reactome:R-HSA-9757110|Reactome:R-HSA-9840309|Reactome:R-MMU-156588|Reactome:R-MMU-189483|Reactome:R-MMU-9749641|Reactome:R-MMU-9753281|Reactome:R-MMU-9754706|Reactome:R-MMU-9757110|Reactome:R-MMU-9840309|Reactome:R-RNO-156588|Reactome:R-RNO-189483|Reactome:R-RNO-9749641|Reactome:R-RNO-9753281|Reactome:R-RNO-9754706|Reactome:R-RNO-9757110|Reactome:R-RNO-9840309
XP_076925131_1	ac2f2b7fa6b148993573a07c8e0ce353	456	Phobius	NON_CYTOPLASMIC_DOMAIN	Region of a membrane-bound protein predicted to be outside the membrane, in the extracellular region.	106	110	-	T	18-01-2026	-	-	-	-
XP_076925131_1	ac2f2b7fa6b148993573a07c8e0ce353	456	Phobius	TRANSMEMBRANE	Region of a membrane-bound protein predicted to be embedded in the membrane.	87	105	-	T	18-01-2026	-	-	-	-
XP_076925131_1	ac2f2b7fa6b148993573a07c8e0ce353	456	CDD	cd03784	GT1_Gtf-like	1	442	3.44184E-76	T	18-01-2026	IPR002213	UDP-glucuronosyl/UDP-glucosyltransferase	GO:0008194(InterPro)	Reactome:R-CEL-9840309|Reactome:R-HSA-156588|Reactome:R-HSA-189483|Reactome:R-HSA-1989781|Reactome:R-HSA-5579002|Reactome:R-HSA-5579016|Reactome:R-HSA-9623433|Reactome:R-HSA-9749641|Reactome:R-HSA-9753281|Reactome:R-HSA-9754706|Reactome:R-HSA-9757110|Reactome:R-HSA-9840309|Reactome:R-MMU-156588|Reactome:R-MMU-189483|Reactome:R-MMU-9749641|Reactome:R-MMU-9753281|Reactome:R-MMU-9754706|Reactome:R-MMU-9757110|Reactome:R-MMU-9840309|Reactome:R-RNO-156588|Reactome:R-RNO-189483|Reactome:R-RNO-9749641|Reactome:R-RNO-9753281|Reactome:R-RNO-9754706|Reactome:R-RNO-9757110|Reactome:R-RNO-9840309
XP_076925131_1	ac2f2b7fa6b148993573a07c8e0ce353	456	Phobius	CYTOPLASMIC_DOMAIN	Region of a membrane-bound protein predicted to be outside the membrane, in the cytoplasm.	133	456	-	T	18-01-2026	-	-	-	-
XP_076925131_1	ac2f2b7fa6b148993573a07c8e0ce353	456	Phobius	CYTOPLASMIC_DOMAIN	Region of a membrane-bound protein predicted to be outside the membrane, in the cytoplasm.	1	86	-	T	18-01-2026	-	-	-	-
XP_076925131_1	ac2f2b7fa6b148993573a07c8e0ce353	456	SUPERFAMILY	SSF53756	UDP-Glycosyltransferase/glycogen phosphorylase	1	446	9.77E-120	T	18-01-2026	-	-	-	-
XP_076925131_1	ac2f2b7fa6b148993573a07c8e0ce353	456	Phobius	TRANSMEMBRANE	Region of a membrane-bound protein predicted to be embedded in the membrane.	111	132	-	T	18-01-2026	-	-	-	-
XP_076925058_1	b958c45136c7fe37211cdbd3710ed9d7	475	CDD	cd03784	GT1_Gtf-like	4	433	8.60695E-79	T	18-01-2026	IPR002213	UDP-glucuronosyl/UDP-glucosyltransferase	GO:0008194(InterPro)	Reactome:R-CEL-9840309|Reactome:R-HSA-156588|Reactome:R-HSA-189483|Reactome:R-HSA-1989781|Reactome:R-HSA-5579002|Reactome:R-HSA-5579016|Reactome:R-HSA-9623433|Reactome:R-HSA-9749641|Reactome:R-HSA-9753281|Reactome:R-HSA-9754706|Reactome:R-HSA-9757110|Reactome:R-HSA-9840309|Reactome:R-MMU-156588|Reactome:R-MMU-189483|Reactome:R-MMU-9749641|Reactome:R-MMU-9753281|Reactome:R-MMU-9754706|Reactome:R-MMU-9757110|Reactome:R-MMU-9840309|Reactome:R-RNO-156588|Reactome:R-RNO-189483|Reactome:R-RNO-9749641|Reactome:R-RNO-9753281|Reactome:R-RNO-9754706|Reactome:R-RNO-9757110|Reactome:R-RNO-9840309
XP_076925058_1	b958c45136c7fe37211cdbd3710ed9d7	475	Pfam	PF00201	UDP-glucoronosyl and UDP-glucosyl transferase	290	434	1.8E-21	T	18-01-2026	IPR002213	UDP-glucuronosyl/UDP-glucosyltransferase	GO:0008194(InterPro)	Reactome:R-CEL-9840309|Reactome:R-HSA-156588|Reactome:R-HSA-189483|Reactome:R-HSA-1989781|Reactome:R-HSA-5579002|Reactome:R-HSA-5579016|Reactome:R-HSA-9623433|Reactome:R-HSA-9749641|Reactome:R-HSA-9753281|Reactome:R-HSA-9754706|Reactome:R-HSA-9757110|Reactome:R-HSA-9840309|Reactome:R-MMU-156588|Reactome:R-MMU-189483|Reactome:R-MMU-9749641|Reactome:R-MMU-9753281|Reactome:R-MMU-9754706|Reactome:R-MMU-9757110|Reactome:R-MMU-9840309|Reactome:R-RNO-156588|Reactome:R-RNO-189483|Reactome:R-RNO-9749641|Reactome:R-RNO-9753281|Reactome:R-RNO-9754706|Reactome:R-RNO-9757110|Reactome:R-RNO-9840309
XP_076925058_1	b958c45136c7fe37211cdbd3710ed9d7	475	SUPERFAMILY	SSF53756	UDP-Glycosyltransferase/glycogen phosphorylase	3	470	2.09E-128	T	18-01-2026	-	-	-	-
XP_076905486_1	12c66b667e10e4e8608919f28730042a	659	SUPERFAMILY	SSF56801	Acetyl-CoA synthetase-like	33	651	4.06E-113	T	18-01-2026	-	-	-	-
XP_076905486_1	12c66b667e10e4e8608919f28730042a	659	CDD	cd05927	LC-FACS_euk	71	652	0.0	T	18-01-2026	IPR045311	Long-chain fatty acid CoA synthetase, eukaryotic	GO:0004467(InterPro)|GO:0006631(InterPro)	MetaCyc:PWY-1121|MetaCyc:PWY-321|MetaCyc:PWY-5143|MetaCyc:PWY-5147|MetaCyc:PWY-5710|MetaCyc:PWY-5885|MetaCyc:PWY-5971|MetaCyc:PWY-5972|MetaCyc:PWY-5989|MetaCyc:PWY-6000|MetaCyc:PWY-6001|MetaCyc:PWY-6733|MetaCyc:PWY-6803|MetaCyc:PWY-6873|MetaCyc:PWY-6920|MetaCyc:PWY-7033|MetaCyc:PWY-7049|MetaCyc:PWY-7094|MetaCyc:PWY-7119|MetaCyc:PWY-7724|MetaCyc:PWY-8279|MetaCyc:PWY-8280|Reactome:R-DDI-2046105|Reactome:R-DDI-2046106|Reactome:R-DDI-75876|Reactome:R-HSA-1989781|Reactome:R-HSA-2046105|Reactome:R-HSA-2046106|Reactome:R-HSA-75876|Reactome:R-HSA-9841922|Reactome:R-MMU-2046105|Reactome:R-MMU-2046106|Reactome:R-MMU-75876|Reactome:R-RNO-2046105|Reactome:R-RNO-2046106|Reactome:R-RNO-75876|Reactome:R-SCE-75876
XP_076905486_1	12c66b667e10e4e8608919f28730042a	659	Pfam	PF00501	AMP-binding enzyme	50	479	2.1E-79	T	18-01-2026	IPR000873	AMP-dependent synthetase/ligase domain	-	Reactome:R-BTA-75876|Reactome:R-BTA-77111|Reactome:R-BTA-77289|Reactome:R-CEL-77111|Reactome:R-DDI-2046105|Reactome:R-DDI-2046106|Reactome:R-DDI-2151201|Reactome:R-DDI-71384|Reactome:R-DDI-75876|Reactome:R-DDI-77111|Reactome:R-DME-71384|Reactome:R-DME-75876|Reactome:R-DRE-77111|Reactome:R-DRE-77289|Reactome:R-HSA-159418|Reactome:R-HSA-177128|Reactome:R-HSA-177135|Reactome:R-HSA-177162|Reactome:R-HSA-193368|Reactome:R-HSA-193775|Reactome:R-HSA-1989781|Reactome:R-HSA-2046105|Reactome:R-HSA-2046106|Reactome:R-HSA-2142753|Reactome:R-HSA-2151201|Reactome:R-HSA-389599|Reactome:R-HSA-390247|Reactome:R-HSA-434313|Reactome:R-HSA-5619108|Reactome:R-HSA-6798695|Reactome:R-HSA-71384|Reactome:R-HSA-75105|Reactome:R-HSA-75876|Reactome:R-HSA-77111|Reactome:R-HSA-77289|Reactome:R-HSA-77352|Reactome:R-HSA-804914|Reactome:R-HSA-9033241|Reactome:R-HSA-9749641|Reactome:R-HSA-9841922|Reactome:R-MMU-159418|Reactome:R-MMU-177128|Reactome:R-MMU-177135|Reactome:R-MMU-177162|Reactome:R-MMU-193368|Reactome:R-MMU-193775|Reactome:R-MMU-2046105|Reactome:R-MMU-2046106|Reactome:R-MMU-2151201|Reactome:R-MMU-389599|Reactome:R-MMU-390247|Reactome:R-MMU-434313|Reactome:R-MMU-6798695|Reactome:R-MMU-71384|Reactome:R-MMU-75105|Reactome:R-MMU-75876|Reactome:R-MMU-77111|Reactome:R-MMU-77289|Reactome:R-MMU-804914|Reactome:R-MMU-9033241|Reactome:R-MMU-9749641|Reactome:R-MTU-9635470|Reactome:R-RNO-159418|Reactome:R-RNO-177128|Reactome:R-RNO-177135|Reactome:R-RNO-177162|Reactome:R-RNO-193368|Reactome:R-RNO-193775|Reactome:R-RNO-2046105|Reactome:R-RNO-2046106|Reactome:R-RNO-389599|Reactome:R-RNO-390247|Reactome:R-RNO-434313|Reactome:R-RNO-6798695|Reactome:R-RNO-75105|Reactome:R-RNO-75876|Reactome:R-RNO-77111|Reactome:R-RNO-77289|Reactome:R-RNO-804914|Reactome:R-RNO-9033241|Reactome:R-RNO-9749641|Reactome:R-SCE-159418|Reactome:R-SCE-193368|Reactome:R-SCE-193775|Reactome:R-SCE-2151201|Reactome:R-SCE-389599|Reactome:R-SCE-390247|Reactome:R-SCE-434313|Reactome:R-SCE-6798695|Reactome:R-SCE-71384|Reactome:R-SCE-75105|Reactome:R-SCE-75876|Reactome:R-SCE-804914|Reactome:R-SCE-9033241|Reactome:R-SPO-2151201|Reactome:R-SPO-434313|Reactome:R-SPO-71384|Reactome:R-SPO-75876|Reactome:R-XTR-77111
