XP_076898923_1	2e339c31812557f80dcd7cc135d97ee5	454	Pfam	PF00201	UDP-glucoronosyl and UDP-glucosyl transferase	209	449	1.1E-22	T	18-01-2026	IPR002213	UDP-glucuronosyl/UDP-glucosyltransferase	GO:0008194(InterPro)	Reactome:R-CEL-9840309|Reactome:R-HSA-156588|Reactome:R-HSA-189483|Reactome:R-HSA-1989781|Reactome:R-HSA-5579002|Reactome:R-HSA-5579016|Reactome:R-HSA-9623433|Reactome:R-HSA-9749641|Reactome:R-HSA-9753281|Reactome:R-HSA-9754706|Reactome:R-HSA-9757110|Reactome:R-HSA-9840309|Reactome:R-MMU-156588|Reactome:R-MMU-189483|Reactome:R-MMU-9749641|Reactome:R-MMU-9753281|Reactome:R-MMU-9754706|Reactome:R-MMU-9757110|Reactome:R-MMU-9840309|Reactome:R-RNO-156588|Reactome:R-RNO-189483|Reactome:R-RNO-9749641|Reactome:R-RNO-9753281|Reactome:R-RNO-9754706|Reactome:R-RNO-9757110|Reactome:R-RNO-9840309
XP_076898923_1	2e339c31812557f80dcd7cc135d97ee5	454	CDD	cd03784	GT1_Gtf-like	9	444	3.16798E-85	T	18-01-2026	IPR002213	UDP-glucuronosyl/UDP-glucosyltransferase	GO:0008194(InterPro)	Reactome:R-CEL-9840309|Reactome:R-HSA-156588|Reactome:R-HSA-189483|Reactome:R-HSA-1989781|Reactome:R-HSA-5579002|Reactome:R-HSA-5579016|Reactome:R-HSA-9623433|Reactome:R-HSA-9749641|Reactome:R-HSA-9753281|Reactome:R-HSA-9754706|Reactome:R-HSA-9757110|Reactome:R-HSA-9840309|Reactome:R-MMU-156588|Reactome:R-MMU-189483|Reactome:R-MMU-9749641|Reactome:R-MMU-9753281|Reactome:R-MMU-9754706|Reactome:R-MMU-9757110|Reactome:R-MMU-9840309|Reactome:R-RNO-156588|Reactome:R-RNO-189483|Reactome:R-RNO-9749641|Reactome:R-RNO-9753281|Reactome:R-RNO-9754706|Reactome:R-RNO-9757110|Reactome:R-RNO-9840309
XP_076898923_1	2e339c31812557f80dcd7cc135d97ee5	454	Pfam	PF26168	Glycosyltransferase, N-terminal domain	13	135	2.5E-7	T	18-01-2026	IPR058980	Glycosyltransferase, N-terminal domain	-	-
XP_076898923_1	2e339c31812557f80dcd7cc135d97ee5	454	SUPERFAMILY	SSF53756	UDP-Glycosyltransferase/glycogen phosphorylase	8	453	1.15E-125	T	18-01-2026	-	-	-	-
XP_076910293_1	ad6e794fe9622863f06351955dbb293b	477	Pfam	PF00201	UDP-glucoronosyl and UDP-glucosyl transferase	281	435	8.3E-15	T	18-01-2026	IPR002213	UDP-glucuronosyl/UDP-glucosyltransferase	GO:0008194(InterPro)	Reactome:R-CEL-9840309|Reactome:R-HSA-156588|Reactome:R-HSA-189483|Reactome:R-HSA-1989781|Reactome:R-HSA-5579002|Reactome:R-HSA-5579016|Reactome:R-HSA-9623433|Reactome:R-HSA-9749641|Reactome:R-HSA-9753281|Reactome:R-HSA-9754706|Reactome:R-HSA-9757110|Reactome:R-HSA-9840309|Reactome:R-MMU-156588|Reactome:R-MMU-189483|Reactome:R-MMU-9749641|Reactome:R-MMU-9753281|Reactome:R-MMU-9754706|Reactome:R-MMU-9757110|Reactome:R-MMU-9840309|Reactome:R-RNO-156588|Reactome:R-RNO-189483|Reactome:R-RNO-9749641|Reactome:R-RNO-9753281|Reactome:R-RNO-9754706|Reactome:R-RNO-9757110|Reactome:R-RNO-9840309
XP_076910293_1	ad6e794fe9622863f06351955dbb293b	477	CDD	cd03784	GT1_Gtf-like	8	464	2.1793E-80	T	18-01-2026	IPR002213	UDP-glucuronosyl/UDP-glucosyltransferase	GO:0008194(InterPro)	Reactome:R-CEL-9840309|Reactome:R-HSA-156588|Reactome:R-HSA-189483|Reactome:R-HSA-1989781|Reactome:R-HSA-5579002|Reactome:R-HSA-5579016|Reactome:R-HSA-9623433|Reactome:R-HSA-9749641|Reactome:R-HSA-9753281|Reactome:R-HSA-9754706|Reactome:R-HSA-9757110|Reactome:R-HSA-9840309|Reactome:R-MMU-156588|Reactome:R-MMU-189483|Reactome:R-MMU-9749641|Reactome:R-MMU-9753281|Reactome:R-MMU-9754706|Reactome:R-MMU-9757110|Reactome:R-MMU-9840309|Reactome:R-RNO-156588|Reactome:R-RNO-189483|Reactome:R-RNO-9749641|Reactome:R-RNO-9753281|Reactome:R-RNO-9754706|Reactome:R-RNO-9757110|Reactome:R-RNO-9840309
XP_076910293_1	ad6e794fe9622863f06351955dbb293b	477	SUPERFAMILY	SSF53756	UDP-Glycosyltransferase/glycogen phosphorylase	7	470	5.58E-121	T	18-01-2026	-	-	-	-
XP_076929526_1	2d8193b90cacc5ad1f5cd9b36b38f4c8	480	Pfam	PF00201	UDP-glucoronosyl and UDP-glucosyl transferase	230	442	3.6E-20	T	18-01-2026	IPR002213	UDP-glucuronosyl/UDP-glucosyltransferase	GO:0008194(InterPro)	Reactome:R-CEL-9840309|Reactome:R-HSA-156588|Reactome:R-HSA-189483|Reactome:R-HSA-1989781|Reactome:R-HSA-5579002|Reactome:R-HSA-5579016|Reactome:R-HSA-9623433|Reactome:R-HSA-9749641|Reactome:R-HSA-9753281|Reactome:R-HSA-9754706|Reactome:R-HSA-9757110|Reactome:R-HSA-9840309|Reactome:R-MMU-156588|Reactome:R-MMU-189483|Reactome:R-MMU-9749641|Reactome:R-MMU-9753281|Reactome:R-MMU-9754706|Reactome:R-MMU-9757110|Reactome:R-MMU-9840309|Reactome:R-RNO-156588|Reactome:R-RNO-189483|Reactome:R-RNO-9749641|Reactome:R-RNO-9753281|Reactome:R-RNO-9754706|Reactome:R-RNO-9757110|Reactome:R-RNO-9840309
XP_076929526_1	2d8193b90cacc5ad1f5cd9b36b38f4c8	480	SUPERFAMILY	SSF53756	UDP-Glycosyltransferase/glycogen phosphorylase	7	469	3.25E-117	T	18-01-2026	-	-	-	-
XP_076929526_1	2d8193b90cacc5ad1f5cd9b36b38f4c8	480	CDD	cd03784	GT1_Gtf-like	8	453	1.6351E-76	T	18-01-2026	IPR002213	UDP-glucuronosyl/UDP-glucosyltransferase	GO:0008194(InterPro)	Reactome:R-CEL-9840309|Reactome:R-HSA-156588|Reactome:R-HSA-189483|Reactome:R-HSA-1989781|Reactome:R-HSA-5579002|Reactome:R-HSA-5579016|Reactome:R-HSA-9623433|Reactome:R-HSA-9749641|Reactome:R-HSA-9753281|Reactome:R-HSA-9754706|Reactome:R-HSA-9757110|Reactome:R-HSA-9840309|Reactome:R-MMU-156588|Reactome:R-MMU-189483|Reactome:R-MMU-9749641|Reactome:R-MMU-9753281|Reactome:R-MMU-9754706|Reactome:R-MMU-9757110|Reactome:R-MMU-9840309|Reactome:R-RNO-156588|Reactome:R-RNO-189483|Reactome:R-RNO-9749641|Reactome:R-RNO-9753281|Reactome:R-RNO-9754706|Reactome:R-RNO-9757110|Reactome:R-RNO-9840309
XP_076929526_1	2d8193b90cacc5ad1f5cd9b36b38f4c8	480	Pfam	PF26168	Glycosyltransferase, N-terminal domain	12	129	0.001	T	18-01-2026	IPR058980	Glycosyltransferase, N-terminal domain	-	-
XP_076917204_1	d5a190790b6caed6683719e259d146f0	454	Pfam	PF00201	UDP-glucoronosyl and UDP-glucosyl transferase	251	424	1.2E-19	T	18-01-2026	IPR002213	UDP-glucuronosyl/UDP-glucosyltransferase	GO:0008194(InterPro)	Reactome:R-CEL-9840309|Reactome:R-HSA-156588|Reactome:R-HSA-189483|Reactome:R-HSA-1989781|Reactome:R-HSA-5579002|Reactome:R-HSA-5579016|Reactome:R-HSA-9623433|Reactome:R-HSA-9749641|Reactome:R-HSA-9753281|Reactome:R-HSA-9754706|Reactome:R-HSA-9757110|Reactome:R-HSA-9840309|Reactome:R-MMU-156588|Reactome:R-MMU-189483|Reactome:R-MMU-9749641|Reactome:R-MMU-9753281|Reactome:R-MMU-9754706|Reactome:R-MMU-9757110|Reactome:R-MMU-9840309|Reactome:R-RNO-156588|Reactome:R-RNO-189483|Reactome:R-RNO-9749641|Reactome:R-RNO-9753281|Reactome:R-RNO-9754706|Reactome:R-RNO-9757110|Reactome:R-RNO-9840309
XP_076917204_1	d5a190790b6caed6683719e259d146f0	454	CDD	cd03784	GT1_Gtf-like	5	426	1.31294E-67	T	18-01-2026	IPR002213	UDP-glucuronosyl/UDP-glucosyltransferase	GO:0008194(InterPro)	Reactome:R-CEL-9840309|Reactome:R-HSA-156588|Reactome:R-HSA-189483|Reactome:R-HSA-1989781|Reactome:R-HSA-5579002|Reactome:R-HSA-5579016|Reactome:R-HSA-9623433|Reactome:R-HSA-9749641|Reactome:R-HSA-9753281|Reactome:R-HSA-9754706|Reactome:R-HSA-9757110|Reactome:R-HSA-9840309|Reactome:R-MMU-156588|Reactome:R-MMU-189483|Reactome:R-MMU-9749641|Reactome:R-MMU-9753281|Reactome:R-MMU-9754706|Reactome:R-MMU-9757110|Reactome:R-MMU-9840309|Reactome:R-RNO-156588|Reactome:R-RNO-189483|Reactome:R-RNO-9749641|Reactome:R-RNO-9753281|Reactome:R-RNO-9754706|Reactome:R-RNO-9757110|Reactome:R-RNO-9840309
XP_076917204_1	d5a190790b6caed6683719e259d146f0	454	Phobius	CYTOPLASMIC_DOMAIN	Region of a membrane-bound protein predicted to be outside the membrane, in the cytoplasm.	1	122	-	T	18-01-2026	-	-	-	-
XP_076917204_1	d5a190790b6caed6683719e259d146f0	454	SUPERFAMILY	SSF53756	UDP-Glycosyltransferase/glycogen phosphorylase	1	449	1.21E-105	T	18-01-2026	-	-	-	-
XP_076917204_1	d5a190790b6caed6683719e259d146f0	454	Phobius	TRANSMEMBRANE	Region of a membrane-bound protein predicted to be embedded in the membrane.	123	144	-	T	18-01-2026	-	-	-	-
XP_076917204_1	d5a190790b6caed6683719e259d146f0	454	Phobius	NON_CYTOPLASMIC_DOMAIN	Region of a membrane-bound protein predicted to be outside the membrane, in the extracellular region.	145	454	-	T	18-01-2026	-	-	-	-
XP_076917610_1	18fda00dafd5f26d81bac733a02ac016	467	CDD	cd03784	GT1_Gtf-like	5	434	2.36659E-73	T	18-01-2026	IPR002213	UDP-glucuronosyl/UDP-glucosyltransferase	GO:0008194(InterPro)	Reactome:R-CEL-9840309|Reactome:R-HSA-156588|Reactome:R-HSA-189483|Reactome:R-HSA-1989781|Reactome:R-HSA-5579002|Reactome:R-HSA-5579016|Reactome:R-HSA-9623433|Reactome:R-HSA-9749641|Reactome:R-HSA-9753281|Reactome:R-HSA-9754706|Reactome:R-HSA-9757110|Reactome:R-HSA-9840309|Reactome:R-MMU-156588|Reactome:R-MMU-189483|Reactome:R-MMU-9749641|Reactome:R-MMU-9753281|Reactome:R-MMU-9754706|Reactome:R-MMU-9757110|Reactome:R-MMU-9840309|Reactome:R-RNO-156588|Reactome:R-RNO-189483|Reactome:R-RNO-9749641|Reactome:R-RNO-9753281|Reactome:R-RNO-9754706|Reactome:R-RNO-9757110|Reactome:R-RNO-9840309
XP_076917610_1	18fda00dafd5f26d81bac733a02ac016	467	Pfam	PF00201	UDP-glucoronosyl and UDP-glucosyl transferase	269	428	2.3E-20	T	18-01-2026	IPR002213	UDP-glucuronosyl/UDP-glucosyltransferase	GO:0008194(InterPro)	Reactome:R-CEL-9840309|Reactome:R-HSA-156588|Reactome:R-HSA-189483|Reactome:R-HSA-1989781|Reactome:R-HSA-5579002|Reactome:R-HSA-5579016|Reactome:R-HSA-9623433|Reactome:R-HSA-9749641|Reactome:R-HSA-9753281|Reactome:R-HSA-9754706|Reactome:R-HSA-9757110|Reactome:R-HSA-9840309|Reactome:R-MMU-156588|Reactome:R-MMU-189483|Reactome:R-MMU-9749641|Reactome:R-MMU-9753281|Reactome:R-MMU-9754706|Reactome:R-MMU-9757110|Reactome:R-MMU-9840309|Reactome:R-RNO-156588|Reactome:R-RNO-189483|Reactome:R-RNO-9749641|Reactome:R-RNO-9753281|Reactome:R-RNO-9754706|Reactome:R-RNO-9757110|Reactome:R-RNO-9840309
XP_076917610_1	18fda00dafd5f26d81bac733a02ac016	467	SUPERFAMILY	SSF53756	UDP-Glycosyltransferase/glycogen phosphorylase	2	453	3.68E-109	T	18-01-2026	-	-	-	-
XP_076945649_1	07422a318f4de00710c8c27e42cf7a45	485	Pfam	PF00201	UDP-glucoronosyl and UDP-glucosyl transferase	303	454	1.7E-29	T	18-01-2026	IPR002213	UDP-glucuronosyl/UDP-glucosyltransferase	GO:0008194(InterPro)	Reactome:R-CEL-9840309|Reactome:R-HSA-156588|Reactome:R-HSA-189483|Reactome:R-HSA-1989781|Reactome:R-HSA-5579002|Reactome:R-HSA-5579016|Reactome:R-HSA-9623433|Reactome:R-HSA-9749641|Reactome:R-HSA-9753281|Reactome:R-HSA-9754706|Reactome:R-HSA-9757110|Reactome:R-HSA-9840309|Reactome:R-MMU-156588|Reactome:R-MMU-189483|Reactome:R-MMU-9749641|Reactome:R-MMU-9753281|Reactome:R-MMU-9754706|Reactome:R-MMU-9757110|Reactome:R-MMU-9840309|Reactome:R-RNO-156588|Reactome:R-RNO-189483|Reactome:R-RNO-9749641|Reactome:R-RNO-9753281|Reactome:R-RNO-9754706|Reactome:R-RNO-9757110|Reactome:R-RNO-9840309
XP_076945649_1	07422a318f4de00710c8c27e42cf7a45	485	CDD	cd03784	GT1_Gtf-like	48	482	9.21116E-93	T	18-01-2026	IPR002213	UDP-glucuronosyl/UDP-glucosyltransferase	GO:0008194(InterPro)	Reactome:R-CEL-9840309|Reactome:R-HSA-156588|Reactome:R-HSA-189483|Reactome:R-HSA-1989781|Reactome:R-HSA-5579002|Reactome:R-HSA-5579016|Reactome:R-HSA-9623433|Reactome:R-HSA-9749641|Reactome:R-HSA-9753281|Reactome:R-HSA-9754706|Reactome:R-HSA-9757110|Reactome:R-HSA-9840309|Reactome:R-MMU-156588|Reactome:R-MMU-189483|Reactome:R-MMU-9749641|Reactome:R-MMU-9753281|Reactome:R-MMU-9754706|Reactome:R-MMU-9757110|Reactome:R-MMU-9840309|Reactome:R-RNO-156588|Reactome:R-RNO-189483|Reactome:R-RNO-9749641|Reactome:R-RNO-9753281|Reactome:R-RNO-9754706|Reactome:R-RNO-9757110|Reactome:R-RNO-9840309
XP_076945649_1	07422a318f4de00710c8c27e42cf7a45	485	SUPERFAMILY	SSF53756	UDP-Glycosyltransferase/glycogen phosphorylase	47	482	1.19E-104	T	18-01-2026	-	-	-	-
XP_076907623_1	429527abc0dd92fe9d2afeb495e638c8	465	CDD	cd03784	GT1_Gtf-like	19	443	4.537E-60	T	18-01-2026	IPR002213	UDP-glucuronosyl/UDP-glucosyltransferase	GO:0008194(InterPro)	Reactome:R-CEL-9840309|Reactome:R-HSA-156588|Reactome:R-HSA-189483|Reactome:R-HSA-1989781|Reactome:R-HSA-5579002|Reactome:R-HSA-5579016|Reactome:R-HSA-9623433|Reactome:R-HSA-9749641|Reactome:R-HSA-9753281|Reactome:R-HSA-9754706|Reactome:R-HSA-9757110|Reactome:R-HSA-9840309|Reactome:R-MMU-156588|Reactome:R-MMU-189483|Reactome:R-MMU-9749641|Reactome:R-MMU-9753281|Reactome:R-MMU-9754706|Reactome:R-MMU-9757110|Reactome:R-MMU-9840309|Reactome:R-RNO-156588|Reactome:R-RNO-189483|Reactome:R-RNO-9749641|Reactome:R-RNO-9753281|Reactome:R-RNO-9754706|Reactome:R-RNO-9757110|Reactome:R-RNO-9840309
XP_076907623_1	429527abc0dd92fe9d2afeb495e638c8	465	SUPERFAMILY	SSF53756	UDP-Glycosyltransferase/glycogen phosphorylase	18	464	1.35E-92	T	18-01-2026	-	-	-	-
XP_076907623_1	429527abc0dd92fe9d2afeb495e638c8	465	Pfam	PF26168	Glycosyltransferase, N-terminal domain	16	241	1.3E-58	T	18-01-2026	IPR058980	Glycosyltransferase, N-terminal domain	-	-
XP_076907623_1	429527abc0dd92fe9d2afeb495e638c8	465	Pfam	PF00201	UDP-glucoronosyl and UDP-glucosyl transferase	253	418	1.7E-13	T	18-01-2026	IPR002213	UDP-glucuronosyl/UDP-glucosyltransferase	GO:0008194(InterPro)	Reactome:R-CEL-9840309|Reactome:R-HSA-156588|Reactome:R-HSA-189483|Reactome:R-HSA-1989781|Reactome:R-HSA-5579002|Reactome:R-HSA-5579016|Reactome:R-HSA-9623433|Reactome:R-HSA-9749641|Reactome:R-HSA-9753281|Reactome:R-HSA-9754706|Reactome:R-HSA-9757110|Reactome:R-HSA-9840309|Reactome:R-MMU-156588|Reactome:R-MMU-189483|Reactome:R-MMU-9749641|Reactome:R-MMU-9753281|Reactome:R-MMU-9754706|Reactome:R-MMU-9757110|Reactome:R-MMU-9840309|Reactome:R-RNO-156588|Reactome:R-RNO-189483|Reactome:R-RNO-9749641|Reactome:R-RNO-9753281|Reactome:R-RNO-9754706|Reactome:R-RNO-9757110|Reactome:R-RNO-9840309
XP_076927959_1	4a767cdb947980da3961f59403a9d547	480	Pfam	PF00201	UDP-glucoronosyl and UDP-glucosyl transferase	281	444	3.1E-23	T	18-01-2026	IPR002213	UDP-glucuronosyl/UDP-glucosyltransferase	GO:0008194(InterPro)	Reactome:R-CEL-9840309|Reactome:R-HSA-156588|Reactome:R-HSA-189483|Reactome:R-HSA-1989781|Reactome:R-HSA-5579002|Reactome:R-HSA-5579016|Reactome:R-HSA-9623433|Reactome:R-HSA-9749641|Reactome:R-HSA-9753281|Reactome:R-HSA-9754706|Reactome:R-HSA-9757110|Reactome:R-HSA-9840309|Reactome:R-MMU-156588|Reactome:R-MMU-189483|Reactome:R-MMU-9749641|Reactome:R-MMU-9753281|Reactome:R-MMU-9754706|Reactome:R-MMU-9757110|Reactome:R-MMU-9840309|Reactome:R-RNO-156588|Reactome:R-RNO-189483|Reactome:R-RNO-9749641|Reactome:R-RNO-9753281|Reactome:R-RNO-9754706|Reactome:R-RNO-9757110|Reactome:R-RNO-9840309
XP_076927959_1	4a767cdb947980da3961f59403a9d547	480	Pfam	PF26168	Glycosyltransferase, N-terminal domain	13	134	0.0051	T	18-01-2026	IPR058980	Glycosyltransferase, N-terminal domain	-	-
XP_076927959_1	4a767cdb947980da3961f59403a9d547	480	SUPERFAMILY	SSF53756	UDP-Glycosyltransferase/glycogen phosphorylase	8	457	4.89E-120	T	18-01-2026	-	-	-	-
XP_076927959_1	4a767cdb947980da3961f59403a9d547	480	CDD	cd03784	GT1_Gtf-like	9	475	1.20801E-77	T	18-01-2026	IPR002213	UDP-glucuronosyl/UDP-glucosyltransferase	GO:0008194(InterPro)	Reactome:R-CEL-9840309|Reactome:R-HSA-156588|Reactome:R-HSA-189483|Reactome:R-HSA-1989781|Reactome:R-HSA-5579002|Reactome:R-HSA-5579016|Reactome:R-HSA-9623433|Reactome:R-HSA-9749641|Reactome:R-HSA-9753281|Reactome:R-HSA-9754706|Reactome:R-HSA-9757110|Reactome:R-HSA-9840309|Reactome:R-MMU-156588|Reactome:R-MMU-189483|Reactome:R-MMU-9749641|Reactome:R-MMU-9753281|Reactome:R-MMU-9754706|Reactome:R-MMU-9757110|Reactome:R-MMU-9840309|Reactome:R-RNO-156588|Reactome:R-RNO-189483|Reactome:R-RNO-9749641|Reactome:R-RNO-9753281|Reactome:R-RNO-9754706|Reactome:R-RNO-9757110|Reactome:R-RNO-9840309
XP_076883021_1	babf15e215f726b08d3e8a68bea5b204	550	CDD	cd03784	GT1_Gtf-like	8	465	1.55669E-70	T	18-01-2026	IPR002213	UDP-glucuronosyl/UDP-glucosyltransferase	GO:0008194(InterPro)	Reactome:R-CEL-9840309|Reactome:R-HSA-156588|Reactome:R-HSA-189483|Reactome:R-HSA-1989781|Reactome:R-HSA-5579002|Reactome:R-HSA-5579016|Reactome:R-HSA-9623433|Reactome:R-HSA-9749641|Reactome:R-HSA-9753281|Reactome:R-HSA-9754706|Reactome:R-HSA-9757110|Reactome:R-HSA-9840309|Reactome:R-MMU-156588|Reactome:R-MMU-189483|Reactome:R-MMU-9749641|Reactome:R-MMU-9753281|Reactome:R-MMU-9754706|Reactome:R-MMU-9757110|Reactome:R-MMU-9840309|Reactome:R-RNO-156588|Reactome:R-RNO-189483|Reactome:R-RNO-9749641|Reactome:R-RNO-9753281|Reactome:R-RNO-9754706|Reactome:R-RNO-9757110|Reactome:R-RNO-9840309
XP_076883021_1	babf15e215f726b08d3e8a68bea5b204	550	Pfam	PF00201	UDP-glucoronosyl and UDP-glucosyl transferase	281	412	1.2E-19	T	18-01-2026	IPR002213	UDP-glucuronosyl/UDP-glucosyltransferase	GO:0008194(InterPro)	Reactome:R-CEL-9840309|Reactome:R-HSA-156588|Reactome:R-HSA-189483|Reactome:R-HSA-1989781|Reactome:R-HSA-5579002|Reactome:R-HSA-5579016|Reactome:R-HSA-9623433|Reactome:R-HSA-9749641|Reactome:R-HSA-9753281|Reactome:R-HSA-9754706|Reactome:R-HSA-9757110|Reactome:R-HSA-9840309|Reactome:R-MMU-156588|Reactome:R-MMU-189483|Reactome:R-MMU-9749641|Reactome:R-MMU-9753281|Reactome:R-MMU-9754706|Reactome:R-MMU-9757110|Reactome:R-MMU-9840309|Reactome:R-RNO-156588|Reactome:R-RNO-189483|Reactome:R-RNO-9749641|Reactome:R-RNO-9753281|Reactome:R-RNO-9754706|Reactome:R-RNO-9757110|Reactome:R-RNO-9840309
XP_076883021_1	babf15e215f726b08d3e8a68bea5b204	550	SUPERFAMILY	SSF53756	UDP-Glycosyltransferase/glycogen phosphorylase	8	476	1.14E-114	T	18-01-2026	-	-	-	-
XP_076896720_1	46d094914a32a28c40b5574f295cd312	454	CDD	cd03784	GT1_Gtf-like	5	426	2.6052E-77	T	18-01-2026	IPR002213	UDP-glucuronosyl/UDP-glucosyltransferase	GO:0008194(InterPro)	Reactome:R-CEL-9840309|Reactome:R-HSA-156588|Reactome:R-HSA-189483|Reactome:R-HSA-1989781|Reactome:R-HSA-5579002|Reactome:R-HSA-5579016|Reactome:R-HSA-9623433|Reactome:R-HSA-9749641|Reactome:R-HSA-9753281|Reactome:R-HSA-9754706|Reactome:R-HSA-9757110|Reactome:R-HSA-9840309|Reactome:R-MMU-156588|Reactome:R-MMU-189483|Reactome:R-MMU-9749641|Reactome:R-MMU-9753281|Reactome:R-MMU-9754706|Reactome:R-MMU-9757110|Reactome:R-MMU-9840309|Reactome:R-RNO-156588|Reactome:R-RNO-189483|Reactome:R-RNO-9749641|Reactome:R-RNO-9753281|Reactome:R-RNO-9754706|Reactome:R-RNO-9757110|Reactome:R-RNO-9840309
XP_076896720_1	46d094914a32a28c40b5574f295cd312	454	Pfam	PF00201	UDP-glucoronosyl and UDP-glucosyl transferase	266	425	5.1E-21	T	18-01-2026	IPR002213	UDP-glucuronosyl/UDP-glucosyltransferase	GO:0008194(InterPro)	Reactome:R-CEL-9840309|Reactome:R-HSA-156588|Reactome:R-HSA-189483|Reactome:R-HSA-1989781|Reactome:R-HSA-5579002|Reactome:R-HSA-5579016|Reactome:R-HSA-9623433|Reactome:R-HSA-9749641|Reactome:R-HSA-9753281|Reactome:R-HSA-9754706|Reactome:R-HSA-9757110|Reactome:R-HSA-9840309|Reactome:R-MMU-156588|Reactome:R-MMU-189483|Reactome:R-MMU-9749641|Reactome:R-MMU-9753281|Reactome:R-MMU-9754706|Reactome:R-MMU-9757110|Reactome:R-MMU-9840309|Reactome:R-RNO-156588|Reactome:R-RNO-189483|Reactome:R-RNO-9749641|Reactome:R-RNO-9753281|Reactome:R-RNO-9754706|Reactome:R-RNO-9757110|Reactome:R-RNO-9840309
XP_076896720_1	46d094914a32a28c40b5574f295cd312	454	SUPERFAMILY	SSF53756	UDP-Glycosyltransferase/glycogen phosphorylase	1	449	7.46E-113	T	18-01-2026	-	-	-	-
XP_076896720_1	46d094914a32a28c40b5574f295cd312	454	Phobius	CYTOPLASMIC_DOMAIN	Region of a membrane-bound protein predicted to be outside the membrane, in the cytoplasm.	1	122	-	T	18-01-2026	-	-	-	-
XP_076896720_1	46d094914a32a28c40b5574f295cd312	454	Phobius	TRANSMEMBRANE	Region of a membrane-bound protein predicted to be embedded in the membrane.	123	144	-	T	18-01-2026	-	-	-	-
XP_076896720_1	46d094914a32a28c40b5574f295cd312	454	Phobius	NON_CYTOPLASMIC_DOMAIN	Region of a membrane-bound protein predicted to be outside the membrane, in the extracellular region.	145	454	-	T	18-01-2026	-	-	-	-
XP_076917611_1	562eddcde36a9cd21980c25a4acc56be	461	CDD	cd03784	GT1_Gtf-like	6	431	1.1931E-69	T	18-01-2026	IPR002213	UDP-glucuronosyl/UDP-glucosyltransferase	GO:0008194(InterPro)	Reactome:R-CEL-9840309|Reactome:R-HSA-156588|Reactome:R-HSA-189483|Reactome:R-HSA-1989781|Reactome:R-HSA-5579002|Reactome:R-HSA-5579016|Reactome:R-HSA-9623433|Reactome:R-HSA-9749641|Reactome:R-HSA-9753281|Reactome:R-HSA-9754706|Reactome:R-HSA-9757110|Reactome:R-HSA-9840309|Reactome:R-MMU-156588|Reactome:R-MMU-189483|Reactome:R-MMU-9749641|Reactome:R-MMU-9753281|Reactome:R-MMU-9754706|Reactome:R-MMU-9757110|Reactome:R-MMU-9840309|Reactome:R-RNO-156588|Reactome:R-RNO-189483|Reactome:R-RNO-9749641|Reactome:R-RNO-9753281|Reactome:R-RNO-9754706|Reactome:R-RNO-9757110|Reactome:R-RNO-9840309
XP_076917611_1	562eddcde36a9cd21980c25a4acc56be	461	SUPERFAMILY	SSF53756	UDP-Glycosyltransferase/glycogen phosphorylase	2	454	7.63E-109	T	18-01-2026	-	-	-	-
XP_076917611_1	562eddcde36a9cd21980c25a4acc56be	461	Pfam	PF00201	UDP-glucoronosyl and UDP-glucosyl transferase	264	430	1.3E-17	T	18-01-2026	IPR002213	UDP-glucuronosyl/UDP-glucosyltransferase	GO:0008194(InterPro)	Reactome:R-CEL-9840309|Reactome:R-HSA-156588|Reactome:R-HSA-189483|Reactome:R-HSA-1989781|Reactome:R-HSA-5579002|Reactome:R-HSA-5579016|Reactome:R-HSA-9623433|Reactome:R-HSA-9749641|Reactome:R-HSA-9753281|Reactome:R-HSA-9754706|Reactome:R-HSA-9757110|Reactome:R-HSA-9840309|Reactome:R-MMU-156588|Reactome:R-MMU-189483|Reactome:R-MMU-9749641|Reactome:R-MMU-9753281|Reactome:R-MMU-9754706|Reactome:R-MMU-9757110|Reactome:R-MMU-9840309|Reactome:R-RNO-156588|Reactome:R-RNO-189483|Reactome:R-RNO-9749641|Reactome:R-RNO-9753281|Reactome:R-RNO-9754706|Reactome:R-RNO-9757110|Reactome:R-RNO-9840309
XP_076917611_1	562eddcde36a9cd21980c25a4acc56be	461	Phobius	NON_CYTOPLASMIC_DOMAIN	Region of a membrane-bound protein predicted to be outside the membrane, in the extracellular region.	154	461	-	T	18-01-2026	-	-	-	-
XP_076917611_1	562eddcde36a9cd21980c25a4acc56be	461	Phobius	CYTOPLASMIC_DOMAIN	Region of a membrane-bound protein predicted to be outside the membrane, in the cytoplasm.	1	131	-	T	18-01-2026	-	-	-	-
XP_076917611_1	562eddcde36a9cd21980c25a4acc56be	461	Phobius	TRANSMEMBRANE	Region of a membrane-bound protein predicted to be embedded in the membrane.	132	153	-	T	18-01-2026	-	-	-	-
XP_076903747_1	c4f3c7b820c4ff782578fa74b6e4fbd5	308	CDD	cd03784	GT1_Gtf-like	27	288	3.01319E-48	T	18-01-2026	IPR002213	UDP-glucuronosyl/UDP-glucosyltransferase	GO:0008194(InterPro)	Reactome:R-CEL-9840309|Reactome:R-HSA-156588|Reactome:R-HSA-189483|Reactome:R-HSA-1989781|Reactome:R-HSA-5579002|Reactome:R-HSA-5579016|Reactome:R-HSA-9623433|Reactome:R-HSA-9749641|Reactome:R-HSA-9753281|Reactome:R-HSA-9754706|Reactome:R-HSA-9757110|Reactome:R-HSA-9840309|Reactome:R-MMU-156588|Reactome:R-MMU-189483|Reactome:R-MMU-9749641|Reactome:R-MMU-9753281|Reactome:R-MMU-9754706|Reactome:R-MMU-9757110|Reactome:R-MMU-9840309|Reactome:R-RNO-156588|Reactome:R-RNO-189483|Reactome:R-RNO-9749641|Reactome:R-RNO-9753281|Reactome:R-RNO-9754706|Reactome:R-RNO-9757110|Reactome:R-RNO-9840309
XP_076903747_1	c4f3c7b820c4ff782578fa74b6e4fbd5	308	Pfam	PF00201	UDP-glucoronosyl and UDP-glucosyl transferase	122	272	2.3E-15	T	18-01-2026	IPR002213	UDP-glucuronosyl/UDP-glucosyltransferase	GO:0008194(InterPro)	Reactome:R-CEL-9840309|Reactome:R-HSA-156588|Reactome:R-HSA-189483|Reactome:R-HSA-1989781|Reactome:R-HSA-5579002|Reactome:R-HSA-5579016|Reactome:R-HSA-9623433|Reactome:R-HSA-9749641|Reactome:R-HSA-9753281|Reactome:R-HSA-9754706|Reactome:R-HSA-9757110|Reactome:R-HSA-9840309|Reactome:R-MMU-156588|Reactome:R-MMU-189483|Reactome:R-MMU-9749641|Reactome:R-MMU-9753281|Reactome:R-MMU-9754706|Reactome:R-MMU-9757110|Reactome:R-MMU-9840309|Reactome:R-RNO-156588|Reactome:R-RNO-189483|Reactome:R-RNO-9749641|Reactome:R-RNO-9753281|Reactome:R-RNO-9754706|Reactome:R-RNO-9757110|Reactome:R-RNO-9840309
XP_076903747_1	c4f3c7b820c4ff782578fa74b6e4fbd5	308	SUPERFAMILY	SSF53756	UDP-Glycosyltransferase/glycogen phosphorylase	3	303	8.52E-84	T	18-01-2026	-	-	-	-
XP_076925129_1	f6f0e51db7b64687549a9b3a74d2966a	480	CDD	cd03784	GT1_Gtf-like	9	466	1.59948E-83	T	18-01-2026	IPR002213	UDP-glucuronosyl/UDP-glucosyltransferase	GO:0008194(InterPro)	Reactome:R-CEL-9840309|Reactome:R-HSA-156588|Reactome:R-HSA-189483|Reactome:R-HSA-1989781|Reactome:R-HSA-5579002|Reactome:R-HSA-5579016|Reactome:R-HSA-9623433|Reactome:R-HSA-9749641|Reactome:R-HSA-9753281|Reactome:R-HSA-9754706|Reactome:R-HSA-9757110|Reactome:R-HSA-9840309|Reactome:R-MMU-156588|Reactome:R-MMU-189483|Reactome:R-MMU-9749641|Reactome:R-MMU-9753281|Reactome:R-MMU-9754706|Reactome:R-MMU-9757110|Reactome:R-MMU-9840309|Reactome:R-RNO-156588|Reactome:R-RNO-189483|Reactome:R-RNO-9749641|Reactome:R-RNO-9753281|Reactome:R-RNO-9754706|Reactome:R-RNO-9757110|Reactome:R-RNO-9840309
XP_076925129_1	f6f0e51db7b64687549a9b3a74d2966a	480	Pfam	PF26168	Glycosyltransferase, N-terminal domain	11	135	2.0E-7	T	18-01-2026	IPR058980	Glycosyltransferase, N-terminal domain	-	-
XP_076925129_1	f6f0e51db7b64687549a9b3a74d2966a	480	Pfam	PF00201	UDP-glucoronosyl and UDP-glucosyl transferase	294	441	6.3E-21	T	18-01-2026	IPR002213	UDP-glucuronosyl/UDP-glucosyltransferase	GO:0008194(InterPro)	Reactome:R-CEL-9840309|Reactome:R-HSA-156588|Reactome:R-HSA-189483|Reactome:R-HSA-1989781|Reactome:R-HSA-5579002|Reactome:R-HSA-5579016|Reactome:R-HSA-9623433|Reactome:R-HSA-9749641|Reactome:R-HSA-9753281|Reactome:R-HSA-9754706|Reactome:R-HSA-9757110|Reactome:R-HSA-9840309|Reactome:R-MMU-156588|Reactome:R-MMU-189483|Reactome:R-MMU-9749641|Reactome:R-MMU-9753281|Reactome:R-MMU-9754706|Reactome:R-MMU-9757110|Reactome:R-MMU-9840309|Reactome:R-RNO-156588|Reactome:R-RNO-189483|Reactome:R-RNO-9749641|Reactome:R-RNO-9753281|Reactome:R-RNO-9754706|Reactome:R-RNO-9757110|Reactome:R-RNO-9840309
XP_076925129_1	f6f0e51db7b64687549a9b3a74d2966a	480	SUPERFAMILY	SSF53756	UDP-Glycosyltransferase/glycogen phosphorylase	8	469	4.59E-128	T	18-01-2026	-	-	-	-
XP_076956272_1	9bc46f655c7ab117e043ff38b093cfcc	460	CDD	cd03784	GT1_Gtf-like	5	430	1.23199E-71	T	18-01-2026	IPR002213	UDP-glucuronosyl/UDP-glucosyltransferase	GO:0008194(InterPro)	Reactome:R-CEL-9840309|Reactome:R-HSA-156588|Reactome:R-HSA-189483|Reactome:R-HSA-1989781|Reactome:R-HSA-5579002|Reactome:R-HSA-5579016|Reactome:R-HSA-9623433|Reactome:R-HSA-9749641|Reactome:R-HSA-9753281|Reactome:R-HSA-9754706|Reactome:R-HSA-9757110|Reactome:R-HSA-9840309|Reactome:R-MMU-156588|Reactome:R-MMU-189483|Reactome:R-MMU-9749641|Reactome:R-MMU-9753281|Reactome:R-MMU-9754706|Reactome:R-MMU-9757110|Reactome:R-MMU-9840309|Reactome:R-RNO-156588|Reactome:R-RNO-189483|Reactome:R-RNO-9749641|Reactome:R-RNO-9753281|Reactome:R-RNO-9754706|Reactome:R-RNO-9757110|Reactome:R-RNO-9840309
XP_076956272_1	9bc46f655c7ab117e043ff38b093cfcc	460	Pfam	PF00201	UDP-glucoronosyl and UDP-glucosyl transferase	269	429	2.2E-17	T	18-01-2026	IPR002213	UDP-glucuronosyl/UDP-glucosyltransferase	GO:0008194(InterPro)	Reactome:R-CEL-9840309|Reactome:R-HSA-156588|Reactome:R-HSA-189483|Reactome:R-HSA-1989781|Reactome:R-HSA-5579002|Reactome:R-HSA-5579016|Reactome:R-HSA-9623433|Reactome:R-HSA-9749641|Reactome:R-HSA-9753281|Reactome:R-HSA-9754706|Reactome:R-HSA-9757110|Reactome:R-HSA-9840309|Reactome:R-MMU-156588|Reactome:R-MMU-189483|Reactome:R-MMU-9749641|Reactome:R-MMU-9753281|Reactome:R-MMU-9754706|Reactome:R-MMU-9757110|Reactome:R-MMU-9840309|Reactome:R-RNO-156588|Reactome:R-RNO-189483|Reactome:R-RNO-9749641|Reactome:R-RNO-9753281|Reactome:R-RNO-9754706|Reactome:R-RNO-9757110|Reactome:R-RNO-9840309
XP_076956272_1	9bc46f655c7ab117e043ff38b093cfcc	460	SUPERFAMILY	SSF53756	UDP-Glycosyltransferase/glycogen phosphorylase	2	453	1.35E-107	T	18-01-2026	-	-	-	-
XP_076932591_1	9bcda997a0942cf6b5cfd9a8d2662134	485	CDD	cd03784	GT1_Gtf-like	48	482	1.09413E-92	T	18-01-2026	IPR002213	UDP-glucuronosyl/UDP-glucosyltransferase	GO:0008194(InterPro)	Reactome:R-CEL-9840309|Reactome:R-HSA-156588|Reactome:R-HSA-189483|Reactome:R-HSA-1989781|Reactome:R-HSA-5579002|Reactome:R-HSA-5579016|Reactome:R-HSA-9623433|Reactome:R-HSA-9749641|Reactome:R-HSA-9753281|Reactome:R-HSA-9754706|Reactome:R-HSA-9757110|Reactome:R-HSA-9840309|Reactome:R-MMU-156588|Reactome:R-MMU-189483|Reactome:R-MMU-9749641|Reactome:R-MMU-9753281|Reactome:R-MMU-9754706|Reactome:R-MMU-9757110|Reactome:R-MMU-9840309|Reactome:R-RNO-156588|Reactome:R-RNO-189483|Reactome:R-RNO-9749641|Reactome:R-RNO-9753281|Reactome:R-RNO-9754706|Reactome:R-RNO-9757110|Reactome:R-RNO-9840309
XP_076932591_1	9bcda997a0942cf6b5cfd9a8d2662134	485	Pfam	PF00201	UDP-glucoronosyl and UDP-glucosyl transferase	303	454	1.7E-29	T	18-01-2026	IPR002213	UDP-glucuronosyl/UDP-glucosyltransferase	GO:0008194(InterPro)	Reactome:R-CEL-9840309|Reactome:R-HSA-156588|Reactome:R-HSA-189483|Reactome:R-HSA-1989781|Reactome:R-HSA-5579002|Reactome:R-HSA-5579016|Reactome:R-HSA-9623433|Reactome:R-HSA-9749641|Reactome:R-HSA-9753281|Reactome:R-HSA-9754706|Reactome:R-HSA-9757110|Reactome:R-HSA-9840309|Reactome:R-MMU-156588|Reactome:R-MMU-189483|Reactome:R-MMU-9749641|Reactome:R-MMU-9753281|Reactome:R-MMU-9754706|Reactome:R-MMU-9757110|Reactome:R-MMU-9840309|Reactome:R-RNO-156588|Reactome:R-RNO-189483|Reactome:R-RNO-9749641|Reactome:R-RNO-9753281|Reactome:R-RNO-9754706|Reactome:R-RNO-9757110|Reactome:R-RNO-9840309
XP_076932591_1	9bcda997a0942cf6b5cfd9a8d2662134	485	SUPERFAMILY	SSF53756	UDP-Glycosyltransferase/glycogen phosphorylase	47	482	2.27E-104	T	18-01-2026	-	-	-	-
XP_076883339_1	15ef2b2073f6f79337d5c2e28ffc3f28	455	CDD	cd03784	GT1_Gtf-like	4	444	9.48097E-75	T	18-01-2026	IPR002213	UDP-glucuronosyl/UDP-glucosyltransferase	GO:0008194(InterPro)	Reactome:R-CEL-9840309|Reactome:R-HSA-156588|Reactome:R-HSA-189483|Reactome:R-HSA-1989781|Reactome:R-HSA-5579002|Reactome:R-HSA-5579016|Reactome:R-HSA-9623433|Reactome:R-HSA-9749641|Reactome:R-HSA-9753281|Reactome:R-HSA-9754706|Reactome:R-HSA-9757110|Reactome:R-HSA-9840309|Reactome:R-MMU-156588|Reactome:R-MMU-189483|Reactome:R-MMU-9749641|Reactome:R-MMU-9753281|Reactome:R-MMU-9754706|Reactome:R-MMU-9757110|Reactome:R-MMU-9840309|Reactome:R-RNO-156588|Reactome:R-RNO-189483|Reactome:R-RNO-9749641|Reactome:R-RNO-9753281|Reactome:R-RNO-9754706|Reactome:R-RNO-9757110|Reactome:R-RNO-9840309
XP_076883339_1	15ef2b2073f6f79337d5c2e28ffc3f28	455	Pfam	PF00201	UDP-glucoronosyl and UDP-glucosyl transferase	269	424	7.8E-16	T	18-01-2026	IPR002213	UDP-glucuronosyl/UDP-glucosyltransferase	GO:0008194(InterPro)	Reactome:R-CEL-9840309|Reactome:R-HSA-156588|Reactome:R-HSA-189483|Reactome:R-HSA-1989781|Reactome:R-HSA-5579002|Reactome:R-HSA-5579016|Reactome:R-HSA-9623433|Reactome:R-HSA-9749641|Reactome:R-HSA-9753281|Reactome:R-HSA-9754706|Reactome:R-HSA-9757110|Reactome:R-HSA-9840309|Reactome:R-MMU-156588|Reactome:R-MMU-189483|Reactome:R-MMU-9749641|Reactome:R-MMU-9753281|Reactome:R-MMU-9754706|Reactome:R-MMU-9757110|Reactome:R-MMU-9840309|Reactome:R-RNO-156588|Reactome:R-RNO-189483|Reactome:R-RNO-9749641|Reactome:R-RNO-9753281|Reactome:R-RNO-9754706|Reactome:R-RNO-9757110|Reactome:R-RNO-9840309
XP_076883339_1	15ef2b2073f6f79337d5c2e28ffc3f28	455	SUPERFAMILY	SSF53756	UDP-Glycosyltransferase/glycogen phosphorylase	3	453	2.56E-113	T	18-01-2026	-	-	-	-
XP_076900147_1	dbf8b505dc2aa6e75ef3cc022208b66d	483	Pfam	PF00201	UDP-glucoronosyl and UDP-glucosyl transferase	286	439	4.8E-18	T	18-01-2026	IPR002213	UDP-glucuronosyl/UDP-glucosyltransferase	GO:0008194(InterPro)	Reactome:R-CEL-9840309|Reactome:R-HSA-156588|Reactome:R-HSA-189483|Reactome:R-HSA-1989781|Reactome:R-HSA-5579002|Reactome:R-HSA-5579016|Reactome:R-HSA-9623433|Reactome:R-HSA-9749641|Reactome:R-HSA-9753281|Reactome:R-HSA-9754706|Reactome:R-HSA-9757110|Reactome:R-HSA-9840309|Reactome:R-MMU-156588|Reactome:R-MMU-189483|Reactome:R-MMU-9749641|Reactome:R-MMU-9753281|Reactome:R-MMU-9754706|Reactome:R-MMU-9757110|Reactome:R-MMU-9840309|Reactome:R-RNO-156588|Reactome:R-RNO-189483|Reactome:R-RNO-9749641|Reactome:R-RNO-9753281|Reactome:R-RNO-9754706|Reactome:R-RNO-9757110|Reactome:R-RNO-9840309
XP_076900147_1	dbf8b505dc2aa6e75ef3cc022208b66d	483	TMHMM	TMhelix	Region of a membrane-bound protein predicted to be embedded in the membrane.	143	160	-	T	18-01-2026	-	-	-	-
XP_076900147_1	dbf8b505dc2aa6e75ef3cc022208b66d	483	CDD	cd03784	GT1_Gtf-like	12	465	4.71172E-78	T	18-01-2026	IPR002213	UDP-glucuronosyl/UDP-glucosyltransferase	GO:0008194(InterPro)	Reactome:R-CEL-9840309|Reactome:R-HSA-156588|Reactome:R-HSA-189483|Reactome:R-HSA-1989781|Reactome:R-HSA-5579002|Reactome:R-HSA-5579016|Reactome:R-HSA-9623433|Reactome:R-HSA-9749641|Reactome:R-HSA-9753281|Reactome:R-HSA-9754706|Reactome:R-HSA-9757110|Reactome:R-HSA-9840309|Reactome:R-MMU-156588|Reactome:R-MMU-189483|Reactome:R-MMU-9749641|Reactome:R-MMU-9753281|Reactome:R-MMU-9754706|Reactome:R-MMU-9757110|Reactome:R-MMU-9840309|Reactome:R-RNO-156588|Reactome:R-RNO-189483|Reactome:R-RNO-9749641|Reactome:R-RNO-9753281|Reactome:R-RNO-9754706|Reactome:R-RNO-9757110|Reactome:R-RNO-9840309
XP_076900147_1	dbf8b505dc2aa6e75ef3cc022208b66d	483	SUPERFAMILY	SSF53756	UDP-Glycosyltransferase/glycogen phosphorylase	11	475	2.83E-119	T	18-01-2026	-	-	-	-
XP_076900146_1	dbf8b505dc2aa6e75ef3cc022208b66d	483	Pfam	PF00201	UDP-glucoronosyl and UDP-glucosyl transferase	286	439	4.8E-18	T	18-01-2026	IPR002213	UDP-glucuronosyl/UDP-glucosyltransferase	GO:0008194(InterPro)	Reactome:R-CEL-9840309|Reactome:R-HSA-156588|Reactome:R-HSA-189483|Reactome:R-HSA-1989781|Reactome:R-HSA-5579002|Reactome:R-HSA-5579016|Reactome:R-HSA-9623433|Reactome:R-HSA-9749641|Reactome:R-HSA-9753281|Reactome:R-HSA-9754706|Reactome:R-HSA-9757110|Reactome:R-HSA-9840309|Reactome:R-MMU-156588|Reactome:R-MMU-189483|Reactome:R-MMU-9749641|Reactome:R-MMU-9753281|Reactome:R-MMU-9754706|Reactome:R-MMU-9757110|Reactome:R-MMU-9840309|Reactome:R-RNO-156588|Reactome:R-RNO-189483|Reactome:R-RNO-9749641|Reactome:R-RNO-9753281|Reactome:R-RNO-9754706|Reactome:R-RNO-9757110|Reactome:R-RNO-9840309
XP_076900146_1	dbf8b505dc2aa6e75ef3cc022208b66d	483	TMHMM	TMhelix	Region of a membrane-bound protein predicted to be embedded in the membrane.	143	160	-	T	18-01-2026	-	-	-	-
XP_076900146_1	dbf8b505dc2aa6e75ef3cc022208b66d	483	CDD	cd03784	GT1_Gtf-like	12	465	4.71172E-78	T	18-01-2026	IPR002213	UDP-glucuronosyl/UDP-glucosyltransferase	GO:0008194(InterPro)	Reactome:R-CEL-9840309|Reactome:R-HSA-156588|Reactome:R-HSA-189483|Reactome:R-HSA-1989781|Reactome:R-HSA-5579002|Reactome:R-HSA-5579016|Reactome:R-HSA-9623433|Reactome:R-HSA-9749641|Reactome:R-HSA-9753281|Reactome:R-HSA-9754706|Reactome:R-HSA-9757110|Reactome:R-HSA-9840309|Reactome:R-MMU-156588|Reactome:R-MMU-189483|Reactome:R-MMU-9749641|Reactome:R-MMU-9753281|Reactome:R-MMU-9754706|Reactome:R-MMU-9757110|Reactome:R-MMU-9840309|Reactome:R-RNO-156588|Reactome:R-RNO-189483|Reactome:R-RNO-9749641|Reactome:R-RNO-9753281|Reactome:R-RNO-9754706|Reactome:R-RNO-9757110|Reactome:R-RNO-9840309
XP_076900146_1	dbf8b505dc2aa6e75ef3cc022208b66d	483	SUPERFAMILY	SSF53756	UDP-Glycosyltransferase/glycogen phosphorylase	11	475	2.83E-119	T	18-01-2026	-	-	-	-
XP_076926060_1	f0075a990e48fb44c40d38b400c4c943	461	SUPERFAMILY	SSF53756	UDP-Glycosyltransferase/glycogen phosphorylase	11	461	1.92E-94	T	18-01-2026	-	-	-	-
XP_076926060_1	f0075a990e48fb44c40d38b400c4c943	461	Pfam	PF26168	Glycosyltransferase, N-terminal domain	8	240	1.4E-61	T	18-01-2026	IPR058980	Glycosyltransferase, N-terminal domain	-	-
XP_076926060_1	f0075a990e48fb44c40d38b400c4c943	461	CDD	cd03784	GT1_Gtf-like	11	440	4.22561E-58	T	18-01-2026	IPR002213	UDP-glucuronosyl/UDP-glucosyltransferase	GO:0008194(InterPro)	Reactome:R-CEL-9840309|Reactome:R-HSA-156588|Reactome:R-HSA-189483|Reactome:R-HSA-1989781|Reactome:R-HSA-5579002|Reactome:R-HSA-5579016|Reactome:R-HSA-9623433|Reactome:R-HSA-9749641|Reactome:R-HSA-9753281|Reactome:R-HSA-9754706|Reactome:R-HSA-9757110|Reactome:R-HSA-9840309|Reactome:R-MMU-156588|Reactome:R-MMU-189483|Reactome:R-MMU-9749641|Reactome:R-MMU-9753281|Reactome:R-MMU-9754706|Reactome:R-MMU-9757110|Reactome:R-MMU-9840309|Reactome:R-RNO-156588|Reactome:R-RNO-189483|Reactome:R-RNO-9749641|Reactome:R-RNO-9753281|Reactome:R-RNO-9754706|Reactome:R-RNO-9757110|Reactome:R-RNO-9840309
XP_076926060_1	f0075a990e48fb44c40d38b400c4c943	461	Pfam	PF00201	UDP-glucoronosyl and UDP-glucosyl transferase	262	400	2.7E-17	T	18-01-2026	IPR002213	UDP-glucuronosyl/UDP-glucosyltransferase	GO:0008194(InterPro)	Reactome:R-CEL-9840309|Reactome:R-HSA-156588|Reactome:R-HSA-189483|Reactome:R-HSA-1989781|Reactome:R-HSA-5579002|Reactome:R-HSA-5579016|Reactome:R-HSA-9623433|Reactome:R-HSA-9749641|Reactome:R-HSA-9753281|Reactome:R-HSA-9754706|Reactome:R-HSA-9757110|Reactome:R-HSA-9840309|Reactome:R-MMU-156588|Reactome:R-MMU-189483|Reactome:R-MMU-9749641|Reactome:R-MMU-9753281|Reactome:R-MMU-9754706|Reactome:R-MMU-9757110|Reactome:R-MMU-9840309|Reactome:R-RNO-156588|Reactome:R-RNO-189483|Reactome:R-RNO-9749641|Reactome:R-RNO-9753281|Reactome:R-RNO-9754706|Reactome:R-RNO-9757110|Reactome:R-RNO-9840309
XP_076937486_1	fcf52ab8faf554ee7714ea75aac901c1	306	SUPERFAMILY	SSF53756	UDP-Glycosyltransferase/glycogen phosphorylase	3	301	4.49E-93	T	18-01-2026	-	-	-	-
XP_076937486_1	fcf52ab8faf554ee7714ea75aac901c1	306	CDD	cd03784	GT1_Gtf-like	55	265	8.27589E-55	T	18-01-2026	IPR002213	UDP-glucuronosyl/UDP-glucosyltransferase	GO:0008194(InterPro)	Reactome:R-CEL-9840309|Reactome:R-HSA-156588|Reactome:R-HSA-189483|Reactome:R-HSA-1989781|Reactome:R-HSA-5579002|Reactome:R-HSA-5579016|Reactome:R-HSA-9623433|Reactome:R-HSA-9749641|Reactome:R-HSA-9753281|Reactome:R-HSA-9754706|Reactome:R-HSA-9757110|Reactome:R-HSA-9840309|Reactome:R-MMU-156588|Reactome:R-MMU-189483|Reactome:R-MMU-9749641|Reactome:R-MMU-9753281|Reactome:R-MMU-9754706|Reactome:R-MMU-9757110|Reactome:R-MMU-9840309|Reactome:R-RNO-156588|Reactome:R-RNO-189483|Reactome:R-RNO-9749641|Reactome:R-RNO-9753281|Reactome:R-RNO-9754706|Reactome:R-RNO-9757110|Reactome:R-RNO-9840309
XP_076937486_1	fcf52ab8faf554ee7714ea75aac901c1	306	Pfam	PF00201	UDP-glucoronosyl and UDP-glucosyl transferase	120	273	1.0E-22	T	18-01-2026	IPR002213	UDP-glucuronosyl/UDP-glucosyltransferase	GO:0008194(InterPro)	Reactome:R-CEL-9840309|Reactome:R-HSA-156588|Reactome:R-HSA-189483|Reactome:R-HSA-1989781|Reactome:R-HSA-5579002|Reactome:R-HSA-5579016|Reactome:R-HSA-9623433|Reactome:R-HSA-9749641|Reactome:R-HSA-9753281|Reactome:R-HSA-9754706|Reactome:R-HSA-9757110|Reactome:R-HSA-9840309|Reactome:R-MMU-156588|Reactome:R-MMU-189483|Reactome:R-MMU-9749641|Reactome:R-MMU-9753281|Reactome:R-MMU-9754706|Reactome:R-MMU-9757110|Reactome:R-MMU-9840309|Reactome:R-RNO-156588|Reactome:R-RNO-189483|Reactome:R-RNO-9749641|Reactome:R-RNO-9753281|Reactome:R-RNO-9754706|Reactome:R-RNO-9757110|Reactome:R-RNO-9840309
