XP_076886029_1	e1f2348abfac6e2eb259fa459d988d38	383	Pfam	PF00201	UDP-glucoronosyl and UDP-glucosyl transferase	185	338	3.2E-21	T	18-01-2026	IPR002213	UDP-glucuronosyl/UDP-glucosyltransferase	GO:0008194(InterPro)	Reactome:R-CEL-9840309|Reactome:R-HSA-156588|Reactome:R-HSA-189483|Reactome:R-HSA-1989781|Reactome:R-HSA-5579002|Reactome:R-HSA-5579016|Reactome:R-HSA-9623433|Reactome:R-HSA-9749641|Reactome:R-HSA-9753281|Reactome:R-HSA-9754706|Reactome:R-HSA-9757110|Reactome:R-HSA-9840309|Reactome:R-MMU-156588|Reactome:R-MMU-189483|Reactome:R-MMU-9749641|Reactome:R-MMU-9753281|Reactome:R-MMU-9754706|Reactome:R-MMU-9757110|Reactome:R-MMU-9840309|Reactome:R-RNO-156588|Reactome:R-RNO-189483|Reactome:R-RNO-9749641|Reactome:R-RNO-9753281|Reactome:R-RNO-9754706|Reactome:R-RNO-9757110|Reactome:R-RNO-9840309
XP_076886029_1	e1f2348abfac6e2eb259fa459d988d38	383	CDD	cd03784	GT1_Gtf-like	19	357	3.32349E-72	T	18-01-2026	IPR002213	UDP-glucuronosyl/UDP-glucosyltransferase	GO:0008194(InterPro)	Reactome:R-CEL-9840309|Reactome:R-HSA-156588|Reactome:R-HSA-189483|Reactome:R-HSA-1989781|Reactome:R-HSA-5579002|Reactome:R-HSA-5579016|Reactome:R-HSA-9623433|Reactome:R-HSA-9749641|Reactome:R-HSA-9753281|Reactome:R-HSA-9754706|Reactome:R-HSA-9757110|Reactome:R-HSA-9840309|Reactome:R-MMU-156588|Reactome:R-MMU-189483|Reactome:R-MMU-9749641|Reactome:R-MMU-9753281|Reactome:R-MMU-9754706|Reactome:R-MMU-9757110|Reactome:R-MMU-9840309|Reactome:R-RNO-156588|Reactome:R-RNO-189483|Reactome:R-RNO-9749641|Reactome:R-RNO-9753281|Reactome:R-RNO-9754706|Reactome:R-RNO-9757110|Reactome:R-RNO-9840309
XP_076886029_1	e1f2348abfac6e2eb259fa459d988d38	383	SUPERFAMILY	SSF53756	UDP-Glycosyltransferase/glycogen phosphorylase	12	376	1.54E-96	T	18-01-2026	-	-	-	-
XP_076926620_1	454ff2fe2e08b3e90c1fdb022c6f926a	480	SUPERFAMILY	SSF53756	UDP-Glycosyltransferase/glycogen phosphorylase	7	474	9.07E-123	T	18-01-2026	-	-	-	-
XP_076926620_1	454ff2fe2e08b3e90c1fdb022c6f926a	480	CDD	cd03784	GT1_Gtf-like	10	444	7.80057E-84	T	18-01-2026	IPR002213	UDP-glucuronosyl/UDP-glucosyltransferase	GO:0008194(InterPro)	Reactome:R-CEL-9840309|Reactome:R-HSA-156588|Reactome:R-HSA-189483|Reactome:R-HSA-1989781|Reactome:R-HSA-5579002|Reactome:R-HSA-5579016|Reactome:R-HSA-9623433|Reactome:R-HSA-9749641|Reactome:R-HSA-9753281|Reactome:R-HSA-9754706|Reactome:R-HSA-9757110|Reactome:R-HSA-9840309|Reactome:R-MMU-156588|Reactome:R-MMU-189483|Reactome:R-MMU-9749641|Reactome:R-MMU-9753281|Reactome:R-MMU-9754706|Reactome:R-MMU-9757110|Reactome:R-MMU-9840309|Reactome:R-RNO-156588|Reactome:R-RNO-189483|Reactome:R-RNO-9749641|Reactome:R-RNO-9753281|Reactome:R-RNO-9754706|Reactome:R-RNO-9757110|Reactome:R-RNO-9840309
XP_076926620_1	454ff2fe2e08b3e90c1fdb022c6f926a	480	Pfam	PF00201	UDP-glucoronosyl and UDP-glucosyl transferase	211	441	1.3E-24	T	18-01-2026	IPR002213	UDP-glucuronosyl/UDP-glucosyltransferase	GO:0008194(InterPro)	Reactome:R-CEL-9840309|Reactome:R-HSA-156588|Reactome:R-HSA-189483|Reactome:R-HSA-1989781|Reactome:R-HSA-5579002|Reactome:R-HSA-5579016|Reactome:R-HSA-9623433|Reactome:R-HSA-9749641|Reactome:R-HSA-9753281|Reactome:R-HSA-9754706|Reactome:R-HSA-9757110|Reactome:R-HSA-9840309|Reactome:R-MMU-156588|Reactome:R-MMU-189483|Reactome:R-MMU-9749641|Reactome:R-MMU-9753281|Reactome:R-MMU-9754706|Reactome:R-MMU-9757110|Reactome:R-MMU-9840309|Reactome:R-RNO-156588|Reactome:R-RNO-189483|Reactome:R-RNO-9749641|Reactome:R-RNO-9753281|Reactome:R-RNO-9754706|Reactome:R-RNO-9757110|Reactome:R-RNO-9840309
XP_076900149_1	22a5c82dd6aa2a980fa7498eec9c6260	454	Phobius	CYTOPLASMIC_DOMAIN	Region of a membrane-bound protein predicted to be outside the membrane, in the cytoplasm.	1	135	-	T	18-01-2026	-	-	-	-
XP_076900149_1	22a5c82dd6aa2a980fa7498eec9c6260	454	Phobius	TRANSMEMBRANE	Region of a membrane-bound protein predicted to be embedded in the membrane.	136	155	-	T	18-01-2026	-	-	-	-
XP_076900149_1	22a5c82dd6aa2a980fa7498eec9c6260	454	Pfam	PF00201	UDP-glucoronosyl and UDP-glucosyl transferase	283	451	2.4E-20	T	18-01-2026	IPR002213	UDP-glucuronosyl/UDP-glucosyltransferase	GO:0008194(InterPro)	Reactome:R-CEL-9840309|Reactome:R-HSA-156588|Reactome:R-HSA-189483|Reactome:R-HSA-1989781|Reactome:R-HSA-5579002|Reactome:R-HSA-5579016|Reactome:R-HSA-9623433|Reactome:R-HSA-9749641|Reactome:R-HSA-9753281|Reactome:R-HSA-9754706|Reactome:R-HSA-9757110|Reactome:R-HSA-9840309|Reactome:R-MMU-156588|Reactome:R-MMU-189483|Reactome:R-MMU-9749641|Reactome:R-MMU-9753281|Reactome:R-MMU-9754706|Reactome:R-MMU-9757110|Reactome:R-MMU-9840309|Reactome:R-RNO-156588|Reactome:R-RNO-189483|Reactome:R-RNO-9749641|Reactome:R-RNO-9753281|Reactome:R-RNO-9754706|Reactome:R-RNO-9757110|Reactome:R-RNO-9840309
XP_076900149_1	22a5c82dd6aa2a980fa7498eec9c6260	454	CDD	cd03784	GT1_Gtf-like	6	454	9.20654E-82	T	18-01-2026	IPR002213	UDP-glucuronosyl/UDP-glucosyltransferase	GO:0008194(InterPro)	Reactome:R-CEL-9840309|Reactome:R-HSA-156588|Reactome:R-HSA-189483|Reactome:R-HSA-1989781|Reactome:R-HSA-5579002|Reactome:R-HSA-5579016|Reactome:R-HSA-9623433|Reactome:R-HSA-9749641|Reactome:R-HSA-9753281|Reactome:R-HSA-9754706|Reactome:R-HSA-9757110|Reactome:R-HSA-9840309|Reactome:R-MMU-156588|Reactome:R-MMU-189483|Reactome:R-MMU-9749641|Reactome:R-MMU-9753281|Reactome:R-MMU-9754706|Reactome:R-MMU-9757110|Reactome:R-MMU-9840309|Reactome:R-RNO-156588|Reactome:R-RNO-189483|Reactome:R-RNO-9749641|Reactome:R-RNO-9753281|Reactome:R-RNO-9754706|Reactome:R-RNO-9757110|Reactome:R-RNO-9840309
XP_076900149_1	22a5c82dd6aa2a980fa7498eec9c6260	454	SUPERFAMILY	SSF53756	UDP-Glycosyltransferase/glycogen phosphorylase	5	453	1.57E-116	T	18-01-2026	-	-	-	-
XP_076900149_1	22a5c82dd6aa2a980fa7498eec9c6260	454	Phobius	NON_CYTOPLASMIC_DOMAIN	Region of a membrane-bound protein predicted to be outside the membrane, in the extracellular region.	156	454	-	T	18-01-2026	-	-	-	-
XP_076938034_1	3852b0b3cb6c17a31b64bbdcb01ba426	479	SUPERFAMILY	SSF53756	UDP-Glycosyltransferase/glycogen phosphorylase	11	470	1.15E-115	T	18-01-2026	-	-	-	-
XP_076938034_1	3852b0b3cb6c17a31b64bbdcb01ba426	479	CDD	cd03784	GT1_Gtf-like	12	452	5.10473E-83	T	18-01-2026	IPR002213	UDP-glucuronosyl/UDP-glucosyltransferase	GO:0008194(InterPro)	Reactome:R-CEL-9840309|Reactome:R-HSA-156588|Reactome:R-HSA-189483|Reactome:R-HSA-1989781|Reactome:R-HSA-5579002|Reactome:R-HSA-5579016|Reactome:R-HSA-9623433|Reactome:R-HSA-9749641|Reactome:R-HSA-9753281|Reactome:R-HSA-9754706|Reactome:R-HSA-9757110|Reactome:R-HSA-9840309|Reactome:R-MMU-156588|Reactome:R-MMU-189483|Reactome:R-MMU-9749641|Reactome:R-MMU-9753281|Reactome:R-MMU-9754706|Reactome:R-MMU-9757110|Reactome:R-MMU-9840309|Reactome:R-RNO-156588|Reactome:R-RNO-189483|Reactome:R-RNO-9749641|Reactome:R-RNO-9753281|Reactome:R-RNO-9754706|Reactome:R-RNO-9757110|Reactome:R-RNO-9840309
XP_076938034_1	3852b0b3cb6c17a31b64bbdcb01ba426	479	Pfam	PF00201	UDP-glucoronosyl and UDP-glucosyl transferase	281	436	5.9E-19	T	18-01-2026	IPR002213	UDP-glucuronosyl/UDP-glucosyltransferase	GO:0008194(InterPro)	Reactome:R-CEL-9840309|Reactome:R-HSA-156588|Reactome:R-HSA-189483|Reactome:R-HSA-1989781|Reactome:R-HSA-5579002|Reactome:R-HSA-5579016|Reactome:R-HSA-9623433|Reactome:R-HSA-9749641|Reactome:R-HSA-9753281|Reactome:R-HSA-9754706|Reactome:R-HSA-9757110|Reactome:R-HSA-9840309|Reactome:R-MMU-156588|Reactome:R-MMU-189483|Reactome:R-MMU-9749641|Reactome:R-MMU-9753281|Reactome:R-MMU-9754706|Reactome:R-MMU-9757110|Reactome:R-MMU-9840309|Reactome:R-RNO-156588|Reactome:R-RNO-189483|Reactome:R-RNO-9749641|Reactome:R-RNO-9753281|Reactome:R-RNO-9754706|Reactome:R-RNO-9757110|Reactome:R-RNO-9840309
XP_076925124_1	f8cc990949eabbd7e43e51ebcf3eb4af	480	Pfam	PF26168	Glycosyltransferase, N-terminal domain	11	150	2.9E-6	T	18-01-2026	IPR058980	Glycosyltransferase, N-terminal domain	-	-
XP_076925124_1	f8cc990949eabbd7e43e51ebcf3eb4af	480	SUPERFAMILY	SSF53756	UDP-Glycosyltransferase/glycogen phosphorylase	8	472	8.03E-130	T	18-01-2026	-	-	-	-
XP_076925124_1	f8cc990949eabbd7e43e51ebcf3eb4af	480	Pfam	PF00201	UDP-glucoronosyl and UDP-glucosyl transferase	286	441	2.3E-21	T	18-01-2026	IPR002213	UDP-glucuronosyl/UDP-glucosyltransferase	GO:0008194(InterPro)	Reactome:R-CEL-9840309|Reactome:R-HSA-156588|Reactome:R-HSA-189483|Reactome:R-HSA-1989781|Reactome:R-HSA-5579002|Reactome:R-HSA-5579016|Reactome:R-HSA-9623433|Reactome:R-HSA-9749641|Reactome:R-HSA-9753281|Reactome:R-HSA-9754706|Reactome:R-HSA-9757110|Reactome:R-HSA-9840309|Reactome:R-MMU-156588|Reactome:R-MMU-189483|Reactome:R-MMU-9749641|Reactome:R-MMU-9753281|Reactome:R-MMU-9754706|Reactome:R-MMU-9757110|Reactome:R-MMU-9840309|Reactome:R-RNO-156588|Reactome:R-RNO-189483|Reactome:R-RNO-9749641|Reactome:R-RNO-9753281|Reactome:R-RNO-9754706|Reactome:R-RNO-9757110|Reactome:R-RNO-9840309
XP_076925124_1	f8cc990949eabbd7e43e51ebcf3eb4af	480	CDD	cd03784	GT1_Gtf-like	9	475	2.09244E-82	T	18-01-2026	IPR002213	UDP-glucuronosyl/UDP-glucosyltransferase	GO:0008194(InterPro)	Reactome:R-CEL-9840309|Reactome:R-HSA-156588|Reactome:R-HSA-189483|Reactome:R-HSA-1989781|Reactome:R-HSA-5579002|Reactome:R-HSA-5579016|Reactome:R-HSA-9623433|Reactome:R-HSA-9749641|Reactome:R-HSA-9753281|Reactome:R-HSA-9754706|Reactome:R-HSA-9757110|Reactome:R-HSA-9840309|Reactome:R-MMU-156588|Reactome:R-MMU-189483|Reactome:R-MMU-9749641|Reactome:R-MMU-9753281|Reactome:R-MMU-9754706|Reactome:R-MMU-9757110|Reactome:R-MMU-9840309|Reactome:R-RNO-156588|Reactome:R-RNO-189483|Reactome:R-RNO-9749641|Reactome:R-RNO-9753281|Reactome:R-RNO-9754706|Reactome:R-RNO-9757110|Reactome:R-RNO-9840309
XP_076927957_1	f8cc990949eabbd7e43e51ebcf3eb4af	480	Pfam	PF26168	Glycosyltransferase, N-terminal domain	11	150	2.9E-6	T	18-01-2026	IPR058980	Glycosyltransferase, N-terminal domain	-	-
XP_076927957_1	f8cc990949eabbd7e43e51ebcf3eb4af	480	SUPERFAMILY	SSF53756	UDP-Glycosyltransferase/glycogen phosphorylase	8	472	8.03E-130	T	18-01-2026	-	-	-	-
XP_076927957_1	f8cc990949eabbd7e43e51ebcf3eb4af	480	Pfam	PF00201	UDP-glucoronosyl and UDP-glucosyl transferase	286	441	2.3E-21	T	18-01-2026	IPR002213	UDP-glucuronosyl/UDP-glucosyltransferase	GO:0008194(InterPro)	Reactome:R-CEL-9840309|Reactome:R-HSA-156588|Reactome:R-HSA-189483|Reactome:R-HSA-1989781|Reactome:R-HSA-5579002|Reactome:R-HSA-5579016|Reactome:R-HSA-9623433|Reactome:R-HSA-9749641|Reactome:R-HSA-9753281|Reactome:R-HSA-9754706|Reactome:R-HSA-9757110|Reactome:R-HSA-9840309|Reactome:R-MMU-156588|Reactome:R-MMU-189483|Reactome:R-MMU-9749641|Reactome:R-MMU-9753281|Reactome:R-MMU-9754706|Reactome:R-MMU-9757110|Reactome:R-MMU-9840309|Reactome:R-RNO-156588|Reactome:R-RNO-189483|Reactome:R-RNO-9749641|Reactome:R-RNO-9753281|Reactome:R-RNO-9754706|Reactome:R-RNO-9757110|Reactome:R-RNO-9840309
XP_076927957_1	f8cc990949eabbd7e43e51ebcf3eb4af	480	CDD	cd03784	GT1_Gtf-like	9	475	2.09244E-82	T	18-01-2026	IPR002213	UDP-glucuronosyl/UDP-glucosyltransferase	GO:0008194(InterPro)	Reactome:R-CEL-9840309|Reactome:R-HSA-156588|Reactome:R-HSA-189483|Reactome:R-HSA-1989781|Reactome:R-HSA-5579002|Reactome:R-HSA-5579016|Reactome:R-HSA-9623433|Reactome:R-HSA-9749641|Reactome:R-HSA-9753281|Reactome:R-HSA-9754706|Reactome:R-HSA-9757110|Reactome:R-HSA-9840309|Reactome:R-MMU-156588|Reactome:R-MMU-189483|Reactome:R-MMU-9749641|Reactome:R-MMU-9753281|Reactome:R-MMU-9754706|Reactome:R-MMU-9757110|Reactome:R-MMU-9840309|Reactome:R-RNO-156588|Reactome:R-RNO-189483|Reactome:R-RNO-9749641|Reactome:R-RNO-9753281|Reactome:R-RNO-9754706|Reactome:R-RNO-9757110|Reactome:R-RNO-9840309
XP_076905588_1	f29c04573a67f0c8446d19d6b7ddbad5	455	SUPERFAMILY	SSF53756	UDP-Glycosyltransferase/glycogen phosphorylase	3	453	5.23E-114	T	18-01-2026	-	-	-	-
XP_076905588_1	f29c04573a67f0c8446d19d6b7ddbad5	455	CDD	cd03784	GT1_Gtf-like	4	444	3.90678E-75	T	18-01-2026	IPR002213	UDP-glucuronosyl/UDP-glucosyltransferase	GO:0008194(InterPro)	Reactome:R-CEL-9840309|Reactome:R-HSA-156588|Reactome:R-HSA-189483|Reactome:R-HSA-1989781|Reactome:R-HSA-5579002|Reactome:R-HSA-5579016|Reactome:R-HSA-9623433|Reactome:R-HSA-9749641|Reactome:R-HSA-9753281|Reactome:R-HSA-9754706|Reactome:R-HSA-9757110|Reactome:R-HSA-9840309|Reactome:R-MMU-156588|Reactome:R-MMU-189483|Reactome:R-MMU-9749641|Reactome:R-MMU-9753281|Reactome:R-MMU-9754706|Reactome:R-MMU-9757110|Reactome:R-MMU-9840309|Reactome:R-RNO-156588|Reactome:R-RNO-189483|Reactome:R-RNO-9749641|Reactome:R-RNO-9753281|Reactome:R-RNO-9754706|Reactome:R-RNO-9757110|Reactome:R-RNO-9840309
XP_076905588_1	f29c04573a67f0c8446d19d6b7ddbad5	455	Pfam	PF00201	UDP-glucoronosyl and UDP-glucosyl transferase	269	424	3.2E-14	T	18-01-2026	IPR002213	UDP-glucuronosyl/UDP-glucosyltransferase	GO:0008194(InterPro)	Reactome:R-CEL-9840309|Reactome:R-HSA-156588|Reactome:R-HSA-189483|Reactome:R-HSA-1989781|Reactome:R-HSA-5579002|Reactome:R-HSA-5579016|Reactome:R-HSA-9623433|Reactome:R-HSA-9749641|Reactome:R-HSA-9753281|Reactome:R-HSA-9754706|Reactome:R-HSA-9757110|Reactome:R-HSA-9840309|Reactome:R-MMU-156588|Reactome:R-MMU-189483|Reactome:R-MMU-9749641|Reactome:R-MMU-9753281|Reactome:R-MMU-9754706|Reactome:R-MMU-9757110|Reactome:R-MMU-9840309|Reactome:R-RNO-156588|Reactome:R-RNO-189483|Reactome:R-RNO-9749641|Reactome:R-RNO-9753281|Reactome:R-RNO-9754706|Reactome:R-RNO-9757110|Reactome:R-RNO-9840309
XP_076949694_1	4195799c55d070a4fa5a47ba12f0897c	461	Pfam	PF00201	UDP-glucoronosyl and UDP-glucosyl transferase	224	420	3.9E-22	T	18-01-2026	IPR002213	UDP-glucuronosyl/UDP-glucosyltransferase	GO:0008194(InterPro)	Reactome:R-CEL-9840309|Reactome:R-HSA-156588|Reactome:R-HSA-189483|Reactome:R-HSA-1989781|Reactome:R-HSA-5579002|Reactome:R-HSA-5579016|Reactome:R-HSA-9623433|Reactome:R-HSA-9749641|Reactome:R-HSA-9753281|Reactome:R-HSA-9754706|Reactome:R-HSA-9757110|Reactome:R-HSA-9840309|Reactome:R-MMU-156588|Reactome:R-MMU-189483|Reactome:R-MMU-9749641|Reactome:R-MMU-9753281|Reactome:R-MMU-9754706|Reactome:R-MMU-9757110|Reactome:R-MMU-9840309|Reactome:R-RNO-156588|Reactome:R-RNO-189483|Reactome:R-RNO-9749641|Reactome:R-RNO-9753281|Reactome:R-RNO-9754706|Reactome:R-RNO-9757110|Reactome:R-RNO-9840309
XP_076949694_1	4195799c55d070a4fa5a47ba12f0897c	461	SUPERFAMILY	SSF53756	UDP-Glycosyltransferase/glycogen phosphorylase	11	457	2.86E-113	T	18-01-2026	-	-	-	-
XP_076949694_1	4195799c55d070a4fa5a47ba12f0897c	461	CDD	cd03784	GT1_Gtf-like	11	434	9.24142E-81	T	18-01-2026	IPR002213	UDP-glucuronosyl/UDP-glucosyltransferase	GO:0008194(InterPro)	Reactome:R-CEL-9840309|Reactome:R-HSA-156588|Reactome:R-HSA-189483|Reactome:R-HSA-1989781|Reactome:R-HSA-5579002|Reactome:R-HSA-5579016|Reactome:R-HSA-9623433|Reactome:R-HSA-9749641|Reactome:R-HSA-9753281|Reactome:R-HSA-9754706|Reactome:R-HSA-9757110|Reactome:R-HSA-9840309|Reactome:R-MMU-156588|Reactome:R-MMU-189483|Reactome:R-MMU-9749641|Reactome:R-MMU-9753281|Reactome:R-MMU-9754706|Reactome:R-MMU-9757110|Reactome:R-MMU-9840309|Reactome:R-RNO-156588|Reactome:R-RNO-189483|Reactome:R-RNO-9749641|Reactome:R-RNO-9753281|Reactome:R-RNO-9754706|Reactome:R-RNO-9757110|Reactome:R-RNO-9840309
XP_076896722_1	c58fabf168a8b9b275350a9b1b8be5f4	454	SUPERFAMILY	SSF53756	UDP-Glycosyltransferase/glycogen phosphorylase	1	450	8.24E-109	T	18-01-2026	-	-	-	-
XP_076896722_1	c58fabf168a8b9b275350a9b1b8be5f4	454	CDD	cd03784	GT1_Gtf-like	5	436	9.25067E-74	T	18-01-2026	IPR002213	UDP-glucuronosyl/UDP-glucosyltransferase	GO:0008194(InterPro)	Reactome:R-CEL-9840309|Reactome:R-HSA-156588|Reactome:R-HSA-189483|Reactome:R-HSA-1989781|Reactome:R-HSA-5579002|Reactome:R-HSA-5579016|Reactome:R-HSA-9623433|Reactome:R-HSA-9749641|Reactome:R-HSA-9753281|Reactome:R-HSA-9754706|Reactome:R-HSA-9757110|Reactome:R-HSA-9840309|Reactome:R-MMU-156588|Reactome:R-MMU-189483|Reactome:R-MMU-9749641|Reactome:R-MMU-9753281|Reactome:R-MMU-9754706|Reactome:R-MMU-9757110|Reactome:R-MMU-9840309|Reactome:R-RNO-156588|Reactome:R-RNO-189483|Reactome:R-RNO-9749641|Reactome:R-RNO-9753281|Reactome:R-RNO-9754706|Reactome:R-RNO-9757110|Reactome:R-RNO-9840309
XP_076896722_1	c58fabf168a8b9b275350a9b1b8be5f4	454	Pfam	PF00201	UDP-glucoronosyl and UDP-glucosyl transferase	271	429	5.4E-19	T	18-01-2026	IPR002213	UDP-glucuronosyl/UDP-glucosyltransferase	GO:0008194(InterPro)	Reactome:R-CEL-9840309|Reactome:R-HSA-156588|Reactome:R-HSA-189483|Reactome:R-HSA-1989781|Reactome:R-HSA-5579002|Reactome:R-HSA-5579016|Reactome:R-HSA-9623433|Reactome:R-HSA-9749641|Reactome:R-HSA-9753281|Reactome:R-HSA-9754706|Reactome:R-HSA-9757110|Reactome:R-HSA-9840309|Reactome:R-MMU-156588|Reactome:R-MMU-189483|Reactome:R-MMU-9749641|Reactome:R-MMU-9753281|Reactome:R-MMU-9754706|Reactome:R-MMU-9757110|Reactome:R-MMU-9840309|Reactome:R-RNO-156588|Reactome:R-RNO-189483|Reactome:R-RNO-9749641|Reactome:R-RNO-9753281|Reactome:R-RNO-9754706|Reactome:R-RNO-9757110|Reactome:R-RNO-9840309
XP_076911362_1	1a4cac497912c1a9014b84ddb74aba77	458	SUPERFAMILY	SSF53756	UDP-Glycosyltransferase/glycogen phosphorylase	11	458	6.63E-96	T	18-01-2026	-	-	-	-
XP_076911362_1	1a4cac497912c1a9014b84ddb74aba77	458	Pfam	PF26168	Glycosyltransferase, N-terminal domain	8	237	2.6E-61	T	18-01-2026	IPR058980	Glycosyltransferase, N-terminal domain	-	-
XP_076911362_1	1a4cac497912c1a9014b84ddb74aba77	458	Pfam	PF00201	UDP-glucoronosyl and UDP-glucosyl transferase	260	384	1.9E-17	T	18-01-2026	IPR002213	UDP-glucuronosyl/UDP-glucosyltransferase	GO:0008194(InterPro)	Reactome:R-CEL-9840309|Reactome:R-HSA-156588|Reactome:R-HSA-189483|Reactome:R-HSA-1989781|Reactome:R-HSA-5579002|Reactome:R-HSA-5579016|Reactome:R-HSA-9623433|Reactome:R-HSA-9749641|Reactome:R-HSA-9753281|Reactome:R-HSA-9754706|Reactome:R-HSA-9757110|Reactome:R-HSA-9840309|Reactome:R-MMU-156588|Reactome:R-MMU-189483|Reactome:R-MMU-9749641|Reactome:R-MMU-9753281|Reactome:R-MMU-9754706|Reactome:R-MMU-9757110|Reactome:R-MMU-9840309|Reactome:R-RNO-156588|Reactome:R-RNO-189483|Reactome:R-RNO-9749641|Reactome:R-RNO-9753281|Reactome:R-RNO-9754706|Reactome:R-RNO-9757110|Reactome:R-RNO-9840309
XP_076911362_1	1a4cac497912c1a9014b84ddb74aba77	458	CDD	cd03784	GT1_Gtf-like	11	437	7.58857E-56	T	18-01-2026	IPR002213	UDP-glucuronosyl/UDP-glucosyltransferase	GO:0008194(InterPro)	Reactome:R-CEL-9840309|Reactome:R-HSA-156588|Reactome:R-HSA-189483|Reactome:R-HSA-1989781|Reactome:R-HSA-5579002|Reactome:R-HSA-5579016|Reactome:R-HSA-9623433|Reactome:R-HSA-9749641|Reactome:R-HSA-9753281|Reactome:R-HSA-9754706|Reactome:R-HSA-9757110|Reactome:R-HSA-9840309|Reactome:R-MMU-156588|Reactome:R-MMU-189483|Reactome:R-MMU-9749641|Reactome:R-MMU-9753281|Reactome:R-MMU-9754706|Reactome:R-MMU-9757110|Reactome:R-MMU-9840309|Reactome:R-RNO-156588|Reactome:R-RNO-189483|Reactome:R-RNO-9749641|Reactome:R-RNO-9753281|Reactome:R-RNO-9754706|Reactome:R-RNO-9757110|Reactome:R-RNO-9840309
XP_076944723_1	6ebfe841f0746133611ed4ec200a3548	466	SUPERFAMILY	SSF53756	UDP-Glycosyltransferase/glycogen phosphorylase	15	465	1.79E-95	T	18-01-2026	-	-	-	-
XP_076944723_1	6ebfe841f0746133611ed4ec200a3548	466	CDD	cd03784	GT1_Gtf-like	15	445	1.69447E-65	T	18-01-2026	IPR002213	UDP-glucuronosyl/UDP-glucosyltransferase	GO:0008194(InterPro)	Reactome:R-CEL-9840309|Reactome:R-HSA-156588|Reactome:R-HSA-189483|Reactome:R-HSA-1989781|Reactome:R-HSA-5579002|Reactome:R-HSA-5579016|Reactome:R-HSA-9623433|Reactome:R-HSA-9749641|Reactome:R-HSA-9753281|Reactome:R-HSA-9754706|Reactome:R-HSA-9757110|Reactome:R-HSA-9840309|Reactome:R-MMU-156588|Reactome:R-MMU-189483|Reactome:R-MMU-9749641|Reactome:R-MMU-9753281|Reactome:R-MMU-9754706|Reactome:R-MMU-9757110|Reactome:R-MMU-9840309|Reactome:R-RNO-156588|Reactome:R-RNO-189483|Reactome:R-RNO-9749641|Reactome:R-RNO-9753281|Reactome:R-RNO-9754706|Reactome:R-RNO-9757110|Reactome:R-RNO-9840309
XP_076944723_1	6ebfe841f0746133611ed4ec200a3548	466	Pfam	PF00201	UDP-glucoronosyl and UDP-glucosyl transferase	256	391	2.1E-14	T	18-01-2026	IPR002213	UDP-glucuronosyl/UDP-glucosyltransferase	GO:0008194(InterPro)	Reactome:R-CEL-9840309|Reactome:R-HSA-156588|Reactome:R-HSA-189483|Reactome:R-HSA-1989781|Reactome:R-HSA-5579002|Reactome:R-HSA-5579016|Reactome:R-HSA-9623433|Reactome:R-HSA-9749641|Reactome:R-HSA-9753281|Reactome:R-HSA-9754706|Reactome:R-HSA-9757110|Reactome:R-HSA-9840309|Reactome:R-MMU-156588|Reactome:R-MMU-189483|Reactome:R-MMU-9749641|Reactome:R-MMU-9753281|Reactome:R-MMU-9754706|Reactome:R-MMU-9757110|Reactome:R-MMU-9840309|Reactome:R-RNO-156588|Reactome:R-RNO-189483|Reactome:R-RNO-9749641|Reactome:R-RNO-9753281|Reactome:R-RNO-9754706|Reactome:R-RNO-9757110|Reactome:R-RNO-9840309
XP_076944723_1	6ebfe841f0746133611ed4ec200a3548	466	Pfam	PF26168	Glycosyltransferase, N-terminal domain	12	243	4.7E-61	T	18-01-2026	IPR058980	Glycosyltransferase, N-terminal domain	-	-
XP_076898936_1	f543a4a7cb450e14daefc9f4065c0d04	480	Pfam	PF26168	Glycosyltransferase, N-terminal domain	12	132	0.0062	T	18-01-2026	IPR058980	Glycosyltransferase, N-terminal domain	-	-
XP_076898936_1	f543a4a7cb450e14daefc9f4065c0d04	480	CDD	cd03784	GT1_Gtf-like	9	456	3.73092E-82	T	18-01-2026	IPR002213	UDP-glucuronosyl/UDP-glucosyltransferase	GO:0008194(InterPro)	Reactome:R-CEL-9840309|Reactome:R-HSA-156588|Reactome:R-HSA-189483|Reactome:R-HSA-1989781|Reactome:R-HSA-5579002|Reactome:R-HSA-5579016|Reactome:R-HSA-9623433|Reactome:R-HSA-9749641|Reactome:R-HSA-9753281|Reactome:R-HSA-9754706|Reactome:R-HSA-9757110|Reactome:R-HSA-9840309|Reactome:R-MMU-156588|Reactome:R-MMU-189483|Reactome:R-MMU-9749641|Reactome:R-MMU-9753281|Reactome:R-MMU-9754706|Reactome:R-MMU-9757110|Reactome:R-MMU-9840309|Reactome:R-RNO-156588|Reactome:R-RNO-189483|Reactome:R-RNO-9749641|Reactome:R-RNO-9753281|Reactome:R-RNO-9754706|Reactome:R-RNO-9757110|Reactome:R-RNO-9840309
XP_076898936_1	f543a4a7cb450e14daefc9f4065c0d04	480	Pfam	PF00201	UDP-glucoronosyl and UDP-glucosyl transferase	227	441	1.4E-23	T	18-01-2026	IPR002213	UDP-glucuronosyl/UDP-glucosyltransferase	GO:0008194(InterPro)	Reactome:R-CEL-9840309|Reactome:R-HSA-156588|Reactome:R-HSA-189483|Reactome:R-HSA-1989781|Reactome:R-HSA-5579002|Reactome:R-HSA-5579016|Reactome:R-HSA-9623433|Reactome:R-HSA-9749641|Reactome:R-HSA-9753281|Reactome:R-HSA-9754706|Reactome:R-HSA-9757110|Reactome:R-HSA-9840309|Reactome:R-MMU-156588|Reactome:R-MMU-189483|Reactome:R-MMU-9749641|Reactome:R-MMU-9753281|Reactome:R-MMU-9754706|Reactome:R-MMU-9757110|Reactome:R-MMU-9840309|Reactome:R-RNO-156588|Reactome:R-RNO-189483|Reactome:R-RNO-9749641|Reactome:R-RNO-9753281|Reactome:R-RNO-9754706|Reactome:R-RNO-9757110|Reactome:R-RNO-9840309
XP_076898936_1	f543a4a7cb450e14daefc9f4065c0d04	480	SUPERFAMILY	SSF53756	UDP-Glycosyltransferase/glycogen phosphorylase	8	472	3.93E-124	T	18-01-2026	-	-	-	-
XP_076882386_1	1022628135520d6e753cf1fe86e0c6fa	455	Pfam	PF00201	UDP-glucoronosyl and UDP-glucosyl transferase	105	419	1.4E-25	T	18-01-2026	IPR002213	UDP-glucuronosyl/UDP-glucosyltransferase	GO:0008194(InterPro)	Reactome:R-CEL-9840309|Reactome:R-HSA-156588|Reactome:R-HSA-189483|Reactome:R-HSA-1989781|Reactome:R-HSA-5579002|Reactome:R-HSA-5579016|Reactome:R-HSA-9623433|Reactome:R-HSA-9749641|Reactome:R-HSA-9753281|Reactome:R-HSA-9754706|Reactome:R-HSA-9757110|Reactome:R-HSA-9840309|Reactome:R-MMU-156588|Reactome:R-MMU-189483|Reactome:R-MMU-9749641|Reactome:R-MMU-9753281|Reactome:R-MMU-9754706|Reactome:R-MMU-9757110|Reactome:R-MMU-9840309|Reactome:R-RNO-156588|Reactome:R-RNO-189483|Reactome:R-RNO-9749641|Reactome:R-RNO-9753281|Reactome:R-RNO-9754706|Reactome:R-RNO-9757110|Reactome:R-RNO-9840309
XP_076882386_1	1022628135520d6e753cf1fe86e0c6fa	455	CDD	cd03784	GT1_Gtf-like	14	428	3.0251E-79	T	18-01-2026	IPR002213	UDP-glucuronosyl/UDP-glucosyltransferase	GO:0008194(InterPro)	Reactome:R-CEL-9840309|Reactome:R-HSA-156588|Reactome:R-HSA-189483|Reactome:R-HSA-1989781|Reactome:R-HSA-5579002|Reactome:R-HSA-5579016|Reactome:R-HSA-9623433|Reactome:R-HSA-9749641|Reactome:R-HSA-9753281|Reactome:R-HSA-9754706|Reactome:R-HSA-9757110|Reactome:R-HSA-9840309|Reactome:R-MMU-156588|Reactome:R-MMU-189483|Reactome:R-MMU-9749641|Reactome:R-MMU-9753281|Reactome:R-MMU-9754706|Reactome:R-MMU-9757110|Reactome:R-MMU-9840309|Reactome:R-RNO-156588|Reactome:R-RNO-189483|Reactome:R-RNO-9749641|Reactome:R-RNO-9753281|Reactome:R-RNO-9754706|Reactome:R-RNO-9757110|Reactome:R-RNO-9840309
XP_076882386_1	1022628135520d6e753cf1fe86e0c6fa	455	SUPERFAMILY	SSF53756	UDP-Glycosyltransferase/glycogen phosphorylase	13	453	6.28E-102	T	18-01-2026	-	-	-	-
XP_076958463_1	f0d0f81fc1c751810ca64327df3bd32a	299	SUPERFAMILY	SSF53756	UDP-Glycosyltransferase/glycogen phosphorylase	38	298	6.67E-72	T	18-01-2026	-	-	-	-
XP_076958463_1	f0d0f81fc1c751810ca64327df3bd32a	299	CDD	cd03784	GT1_Gtf-like	69	269	1.04062E-46	T	18-01-2026	IPR002213	UDP-glucuronosyl/UDP-glucosyltransferase	GO:0008194(InterPro)	Reactome:R-CEL-9840309|Reactome:R-HSA-156588|Reactome:R-HSA-189483|Reactome:R-HSA-1989781|Reactome:R-HSA-5579002|Reactome:R-HSA-5579016|Reactome:R-HSA-9623433|Reactome:R-HSA-9749641|Reactome:R-HSA-9753281|Reactome:R-HSA-9754706|Reactome:R-HSA-9757110|Reactome:R-HSA-9840309|Reactome:R-MMU-156588|Reactome:R-MMU-189483|Reactome:R-MMU-9749641|Reactome:R-MMU-9753281|Reactome:R-MMU-9754706|Reactome:R-MMU-9757110|Reactome:R-MMU-9840309|Reactome:R-RNO-156588|Reactome:R-RNO-189483|Reactome:R-RNO-9749641|Reactome:R-RNO-9753281|Reactome:R-RNO-9754706|Reactome:R-RNO-9757110|Reactome:R-RNO-9840309
XP_076958463_1	f0d0f81fc1c751810ca64327df3bd32a	299	Pfam	PF00201	UDP-glucoronosyl and UDP-glucosyl transferase	99	224	1.9E-17	T	18-01-2026	IPR002213	UDP-glucuronosyl/UDP-glucosyltransferase	GO:0008194(InterPro)	Reactome:R-CEL-9840309|Reactome:R-HSA-156588|Reactome:R-HSA-189483|Reactome:R-HSA-1989781|Reactome:R-HSA-5579002|Reactome:R-HSA-5579016|Reactome:R-HSA-9623433|Reactome:R-HSA-9749641|Reactome:R-HSA-9753281|Reactome:R-HSA-9754706|Reactome:R-HSA-9757110|Reactome:R-HSA-9840309|Reactome:R-MMU-156588|Reactome:R-MMU-189483|Reactome:R-MMU-9749641|Reactome:R-MMU-9753281|Reactome:R-MMU-9754706|Reactome:R-MMU-9757110|Reactome:R-MMU-9840309|Reactome:R-RNO-156588|Reactome:R-RNO-189483|Reactome:R-RNO-9749641|Reactome:R-RNO-9753281|Reactome:R-RNO-9754706|Reactome:R-RNO-9757110|Reactome:R-RNO-9840309
XP_076925130_1	fcbd3f8d56e6f3c2ace1f05cf37d58d7	480	Phobius	NON_CYTOPLASMIC_DOMAIN	Region of a membrane-bound protein predicted to be outside the membrane, in the extracellular region.	130	134	-	T	18-01-2026	-	-	-	-
XP_076925130_1	fcbd3f8d56e6f3c2ace1f05cf37d58d7	480	Pfam	PF00201	UDP-glucoronosyl and UDP-glucosyl transferase	294	441	6.3E-21	T	18-01-2026	IPR002213	UDP-glucuronosyl/UDP-glucosyltransferase	GO:0008194(InterPro)	Reactome:R-CEL-9840309|Reactome:R-HSA-156588|Reactome:R-HSA-189483|Reactome:R-HSA-1989781|Reactome:R-HSA-5579002|Reactome:R-HSA-5579016|Reactome:R-HSA-9623433|Reactome:R-HSA-9749641|Reactome:R-HSA-9753281|Reactome:R-HSA-9754706|Reactome:R-HSA-9757110|Reactome:R-HSA-9840309|Reactome:R-MMU-156588|Reactome:R-MMU-189483|Reactome:R-MMU-9749641|Reactome:R-MMU-9753281|Reactome:R-MMU-9754706|Reactome:R-MMU-9757110|Reactome:R-MMU-9840309|Reactome:R-RNO-156588|Reactome:R-RNO-189483|Reactome:R-RNO-9749641|Reactome:R-RNO-9753281|Reactome:R-RNO-9754706|Reactome:R-RNO-9757110|Reactome:R-RNO-9840309
XP_076925130_1	fcbd3f8d56e6f3c2ace1f05cf37d58d7	480	Phobius	CYTOPLASMIC_DOMAIN	Region of a membrane-bound protein predicted to be outside the membrane, in the cytoplasm.	1	110	-	T	18-01-2026	-	-	-	-
XP_076925130_1	fcbd3f8d56e6f3c2ace1f05cf37d58d7	480	Pfam	PF26168	Glycosyltransferase, N-terminal domain	11	134	9.1E-6	T	18-01-2026	IPR058980	Glycosyltransferase, N-terminal domain	-	-
XP_076925130_1	fcbd3f8d56e6f3c2ace1f05cf37d58d7	480	Phobius	TRANSMEMBRANE	Region of a membrane-bound protein predicted to be embedded in the membrane.	111	129	-	T	18-01-2026	-	-	-	-
XP_076925130_1	fcbd3f8d56e6f3c2ace1f05cf37d58d7	480	Phobius	TRANSMEMBRANE	Region of a membrane-bound protein predicted to be embedded in the membrane.	135	153	-	T	18-01-2026	-	-	-	-
XP_076925130_1	fcbd3f8d56e6f3c2ace1f05cf37d58d7	480	CDD	cd03784	GT1_Gtf-like	9	466	1.14735E-83	T	18-01-2026	IPR002213	UDP-glucuronosyl/UDP-glucosyltransferase	GO:0008194(InterPro)	Reactome:R-CEL-9840309|Reactome:R-HSA-156588|Reactome:R-HSA-189483|Reactome:R-HSA-1989781|Reactome:R-HSA-5579002|Reactome:R-HSA-5579016|Reactome:R-HSA-9623433|Reactome:R-HSA-9749641|Reactome:R-HSA-9753281|Reactome:R-HSA-9754706|Reactome:R-HSA-9757110|Reactome:R-HSA-9840309|Reactome:R-MMU-156588|Reactome:R-MMU-189483|Reactome:R-MMU-9749641|Reactome:R-MMU-9753281|Reactome:R-MMU-9754706|Reactome:R-MMU-9757110|Reactome:R-MMU-9840309|Reactome:R-RNO-156588|Reactome:R-RNO-189483|Reactome:R-RNO-9749641|Reactome:R-RNO-9753281|Reactome:R-RNO-9754706|Reactome:R-RNO-9757110|Reactome:R-RNO-9840309
XP_076925130_1	fcbd3f8d56e6f3c2ace1f05cf37d58d7	480	Phobius	CYTOPLASMIC_DOMAIN	Region of a membrane-bound protein predicted to be outside the membrane, in the cytoplasm.	154	480	-	T	18-01-2026	-	-	-	-
XP_076925130_1	fcbd3f8d56e6f3c2ace1f05cf37d58d7	480	SUPERFAMILY	SSF53756	UDP-Glycosyltransferase/glycogen phosphorylase	8	469	9.74E-128	T	18-01-2026	-	-	-	-
XP_076925125_1	80fa1f6e311a90e4dfea3049227a8ae4	356	CDD	cd03784	GT1_Gtf-like	4	332	1.89162E-63	T	18-01-2026	IPR002213	UDP-glucuronosyl/UDP-glucosyltransferase	GO:0008194(InterPro)	Reactome:R-CEL-9840309|Reactome:R-HSA-156588|Reactome:R-HSA-189483|Reactome:R-HSA-1989781|Reactome:R-HSA-5579002|Reactome:R-HSA-5579016|Reactome:R-HSA-9623433|Reactome:R-HSA-9749641|Reactome:R-HSA-9753281|Reactome:R-HSA-9754706|Reactome:R-HSA-9757110|Reactome:R-HSA-9840309|Reactome:R-MMU-156588|Reactome:R-MMU-189483|Reactome:R-MMU-9749641|Reactome:R-MMU-9753281|Reactome:R-MMU-9754706|Reactome:R-MMU-9757110|Reactome:R-MMU-9840309|Reactome:R-RNO-156588|Reactome:R-RNO-189483|Reactome:R-RNO-9749641|Reactome:R-RNO-9753281|Reactome:R-RNO-9754706|Reactome:R-RNO-9757110|Reactome:R-RNO-9840309
XP_076925125_1	80fa1f6e311a90e4dfea3049227a8ae4	356	Pfam	PF00201	UDP-glucoronosyl and UDP-glucosyl transferase	87	317	1.4E-22	T	18-01-2026	IPR002213	UDP-glucuronosyl/UDP-glucosyltransferase	GO:0008194(InterPro)	Reactome:R-CEL-9840309|Reactome:R-HSA-156588|Reactome:R-HSA-189483|Reactome:R-HSA-1989781|Reactome:R-HSA-5579002|Reactome:R-HSA-5579016|Reactome:R-HSA-9623433|Reactome:R-HSA-9749641|Reactome:R-HSA-9753281|Reactome:R-HSA-9754706|Reactome:R-HSA-9757110|Reactome:R-HSA-9840309|Reactome:R-MMU-156588|Reactome:R-MMU-189483|Reactome:R-MMU-9749641|Reactome:R-MMU-9753281|Reactome:R-MMU-9754706|Reactome:R-MMU-9757110|Reactome:R-MMU-9840309|Reactome:R-RNO-156588|Reactome:R-RNO-189483|Reactome:R-RNO-9749641|Reactome:R-RNO-9753281|Reactome:R-RNO-9754706|Reactome:R-RNO-9757110|Reactome:R-RNO-9840309
XP_076925125_1	80fa1f6e311a90e4dfea3049227a8ae4	356	SUPERFAMILY	SSF53756	UDP-Glycosyltransferase/glycogen phosphorylase	2	347	3.1E-96	T	18-01-2026	-	-	-	-
XP_076949731_1	ac81f8a16ec8c3d010764d1ee1bf6fc5	467	CDD	cd03784	GT1_Gtf-like	11	436	6.94552E-85	T	18-01-2026	IPR002213	UDP-glucuronosyl/UDP-glucosyltransferase	GO:0008194(InterPro)	Reactome:R-CEL-9840309|Reactome:R-HSA-156588|Reactome:R-HSA-189483|Reactome:R-HSA-1989781|Reactome:R-HSA-5579002|Reactome:R-HSA-5579016|Reactome:R-HSA-9623433|Reactome:R-HSA-9749641|Reactome:R-HSA-9753281|Reactome:R-HSA-9754706|Reactome:R-HSA-9757110|Reactome:R-HSA-9840309|Reactome:R-MMU-156588|Reactome:R-MMU-189483|Reactome:R-MMU-9749641|Reactome:R-MMU-9753281|Reactome:R-MMU-9754706|Reactome:R-MMU-9757110|Reactome:R-MMU-9840309|Reactome:R-RNO-156588|Reactome:R-RNO-189483|Reactome:R-RNO-9749641|Reactome:R-RNO-9753281|Reactome:R-RNO-9754706|Reactome:R-RNO-9757110|Reactome:R-RNO-9840309
XP_076949731_1	ac81f8a16ec8c3d010764d1ee1bf6fc5	467	Pfam	PF00201	UDP-glucoronosyl and UDP-glucosyl transferase	215	433	3.5E-21	T	18-01-2026	IPR002213	UDP-glucuronosyl/UDP-glucosyltransferase	GO:0008194(InterPro)	Reactome:R-CEL-9840309|Reactome:R-HSA-156588|Reactome:R-HSA-189483|Reactome:R-HSA-1989781|Reactome:R-HSA-5579002|Reactome:R-HSA-5579016|Reactome:R-HSA-9623433|Reactome:R-HSA-9749641|Reactome:R-HSA-9753281|Reactome:R-HSA-9754706|Reactome:R-HSA-9757110|Reactome:R-HSA-9840309|Reactome:R-MMU-156588|Reactome:R-MMU-189483|Reactome:R-MMU-9749641|Reactome:R-MMU-9753281|Reactome:R-MMU-9754706|Reactome:R-MMU-9757110|Reactome:R-MMU-9840309|Reactome:R-RNO-156588|Reactome:R-RNO-189483|Reactome:R-RNO-9749641|Reactome:R-RNO-9753281|Reactome:R-RNO-9754706|Reactome:R-RNO-9757110|Reactome:R-RNO-9840309
XP_076949731_1	ac81f8a16ec8c3d010764d1ee1bf6fc5	467	SUPERFAMILY	SSF53756	UDP-Glycosyltransferase/glycogen phosphorylase	8	454	2.62E-112	T	18-01-2026	-	-	-	-
XP_076897906_1	8f52c9e89813e712bdc278352895854f	475	CDD	cd03784	GT1_Gtf-like	10	463	2.26404E-86	T	18-01-2026	IPR002213	UDP-glucuronosyl/UDP-glucosyltransferase	GO:0008194(InterPro)	Reactome:R-CEL-9840309|Reactome:R-HSA-156588|Reactome:R-HSA-189483|Reactome:R-HSA-1989781|Reactome:R-HSA-5579002|Reactome:R-HSA-5579016|Reactome:R-HSA-9623433|Reactome:R-HSA-9749641|Reactome:R-HSA-9753281|Reactome:R-HSA-9754706|Reactome:R-HSA-9757110|Reactome:R-HSA-9840309|Reactome:R-MMU-156588|Reactome:R-MMU-189483|Reactome:R-MMU-9749641|Reactome:R-MMU-9753281|Reactome:R-MMU-9754706|Reactome:R-MMU-9757110|Reactome:R-MMU-9840309|Reactome:R-RNO-156588|Reactome:R-RNO-189483|Reactome:R-RNO-9749641|Reactome:R-RNO-9753281|Reactome:R-RNO-9754706|Reactome:R-RNO-9757110|Reactome:R-RNO-9840309
XP_076897906_1	8f52c9e89813e712bdc278352895854f	475	Pfam	PF00201	UDP-glucoronosyl and UDP-glucosyl transferase	62	442	8.0E-26	T	18-01-2026	IPR002213	UDP-glucuronosyl/UDP-glucosyltransferase	GO:0008194(InterPro)	Reactome:R-CEL-9840309|Reactome:R-HSA-156588|Reactome:R-HSA-189483|Reactome:R-HSA-1989781|Reactome:R-HSA-5579002|Reactome:R-HSA-5579016|Reactome:R-HSA-9623433|Reactome:R-HSA-9749641|Reactome:R-HSA-9753281|Reactome:R-HSA-9754706|Reactome:R-HSA-9757110|Reactome:R-HSA-9840309|Reactome:R-MMU-156588|Reactome:R-MMU-189483|Reactome:R-MMU-9749641|Reactome:R-MMU-9753281|Reactome:R-MMU-9754706|Reactome:R-MMU-9757110|Reactome:R-MMU-9840309|Reactome:R-RNO-156588|Reactome:R-RNO-189483|Reactome:R-RNO-9749641|Reactome:R-RNO-9753281|Reactome:R-RNO-9754706|Reactome:R-RNO-9757110|Reactome:R-RNO-9840309
XP_076897906_1	8f52c9e89813e712bdc278352895854f	475	SUPERFAMILY	SSF53756	UDP-Glycosyltransferase/glycogen phosphorylase	9	458	4.89E-132	T	18-01-2026	-	-	-	-
XP_076882140_1	85de647e807993a43ff9080d21f72d25	478	TMHMM	TMhelix	Region of a membrane-bound protein predicted to be embedded in the membrane.	130	152	-	T	18-01-2026	-	-	-	-
XP_076882140_1	85de647e807993a43ff9080d21f72d25	478	CDD	cd03784	GT1_Gtf-like	8	451	7.37195E-83	T	18-01-2026	IPR002213	UDP-glucuronosyl/UDP-glucosyltransferase	GO:0008194(InterPro)	Reactome:R-CEL-9840309|Reactome:R-HSA-156588|Reactome:R-HSA-189483|Reactome:R-HSA-1989781|Reactome:R-HSA-5579002|Reactome:R-HSA-5579016|Reactome:R-HSA-9623433|Reactome:R-HSA-9749641|Reactome:R-HSA-9753281|Reactome:R-HSA-9754706|Reactome:R-HSA-9757110|Reactome:R-HSA-9840309|Reactome:R-MMU-156588|Reactome:R-MMU-189483|Reactome:R-MMU-9749641|Reactome:R-MMU-9753281|Reactome:R-MMU-9754706|Reactome:R-MMU-9757110|Reactome:R-MMU-9840309|Reactome:R-RNO-156588|Reactome:R-RNO-189483|Reactome:R-RNO-9749641|Reactome:R-RNO-9753281|Reactome:R-RNO-9754706|Reactome:R-RNO-9757110|Reactome:R-RNO-9840309
XP_076882140_1	85de647e807993a43ff9080d21f72d25	478	Pfam	PF00201	UDP-glucoronosyl and UDP-glucosyl transferase	283	436	1.1E-14	T	18-01-2026	IPR002213	UDP-glucuronosyl/UDP-glucosyltransferase	GO:0008194(InterPro)	Reactome:R-CEL-9840309|Reactome:R-HSA-156588|Reactome:R-HSA-189483|Reactome:R-HSA-1989781|Reactome:R-HSA-5579002|Reactome:R-HSA-5579016|Reactome:R-HSA-9623433|Reactome:R-HSA-9749641|Reactome:R-HSA-9753281|Reactome:R-HSA-9754706|Reactome:R-HSA-9757110|Reactome:R-HSA-9840309|Reactome:R-MMU-156588|Reactome:R-MMU-189483|Reactome:R-MMU-9749641|Reactome:R-MMU-9753281|Reactome:R-MMU-9754706|Reactome:R-MMU-9757110|Reactome:R-MMU-9840309|Reactome:R-RNO-156588|Reactome:R-RNO-189483|Reactome:R-RNO-9749641|Reactome:R-RNO-9753281|Reactome:R-RNO-9754706|Reactome:R-RNO-9757110|Reactome:R-RNO-9840309
XP_076882140_1	85de647e807993a43ff9080d21f72d25	478	SUPERFAMILY	SSF53756	UDP-Glycosyltransferase/glycogen phosphorylase	7	470	2.16E-118	T	18-01-2026	-	-	-	-
XP_076935941_1	78b370e3da0b5f7e21b046eacb22ff1d	463	CDD	cd03784	GT1_Gtf-like	6	447	3.78189E-59	T	18-01-2026	IPR002213	UDP-glucuronosyl/UDP-glucosyltransferase	GO:0008194(InterPro)	Reactome:R-CEL-9840309|Reactome:R-HSA-156588|Reactome:R-HSA-189483|Reactome:R-HSA-1989781|Reactome:R-HSA-5579002|Reactome:R-HSA-5579016|Reactome:R-HSA-9623433|Reactome:R-HSA-9749641|Reactome:R-HSA-9753281|Reactome:R-HSA-9754706|Reactome:R-HSA-9757110|Reactome:R-HSA-9840309|Reactome:R-MMU-156588|Reactome:R-MMU-189483|Reactome:R-MMU-9749641|Reactome:R-MMU-9753281|Reactome:R-MMU-9754706|Reactome:R-MMU-9757110|Reactome:R-MMU-9840309|Reactome:R-RNO-156588|Reactome:R-RNO-189483|Reactome:R-RNO-9749641|Reactome:R-RNO-9753281|Reactome:R-RNO-9754706|Reactome:R-RNO-9757110|Reactome:R-RNO-9840309
XP_076935941_1	78b370e3da0b5f7e21b046eacb22ff1d	463	Phobius	TRANSMEMBRANE	Region of a membrane-bound protein predicted to be embedded in the membrane.	6	25	-	T	18-01-2026	-	-	-	-
XP_076935941_1	78b370e3da0b5f7e21b046eacb22ff1d	463	Phobius	CYTOPLASMIC_DOMAIN	Region of a membrane-bound protein predicted to be outside the membrane, in the cytoplasm.	26	463	-	T	18-01-2026	-	-	-	-
XP_076935941_1	78b370e3da0b5f7e21b046eacb22ff1d	463	Pfam	PF00201	UDP-glucoronosyl and UDP-glucosyl transferase	276	440	7.5E-10	T	18-01-2026	IPR002213	UDP-glucuronosyl/UDP-glucosyltransferase	GO:0008194(InterPro)	Reactome:R-CEL-9840309|Reactome:R-HSA-156588|Reactome:R-HSA-189483|Reactome:R-HSA-1989781|Reactome:R-HSA-5579002|Reactome:R-HSA-5579016|Reactome:R-HSA-9623433|Reactome:R-HSA-9749641|Reactome:R-HSA-9753281|Reactome:R-HSA-9754706|Reactome:R-HSA-9757110|Reactome:R-HSA-9840309|Reactome:R-MMU-156588|Reactome:R-MMU-189483|Reactome:R-MMU-9749641|Reactome:R-MMU-9753281|Reactome:R-MMU-9754706|Reactome:R-MMU-9757110|Reactome:R-MMU-9840309|Reactome:R-RNO-156588|Reactome:R-RNO-189483|Reactome:R-RNO-9749641|Reactome:R-RNO-9753281|Reactome:R-RNO-9754706|Reactome:R-RNO-9757110|Reactome:R-RNO-9840309
XP_076935941_1	78b370e3da0b5f7e21b046eacb22ff1d	463	SUPERFAMILY	SSF53756	UDP-Glycosyltransferase/glycogen phosphorylase	6	459	7.33E-99	T	18-01-2026	-	-	-	-
XP_076935941_1	78b370e3da0b5f7e21b046eacb22ff1d	463	Phobius	NON_CYTOPLASMIC_DOMAIN	Region of a membrane-bound protein predicted to be outside the membrane, in the extracellular region.	1	5	-	T	18-01-2026	-	-	-	-
XP_076895539_1	470c9faad9dbd2e6cc990df03d46a922	487	Pfam	PF26168	Glycosyltransferase, N-terminal domain	37	260	9.8E-72	T	18-01-2026	IPR058980	Glycosyltransferase, N-terminal domain	-	-
XP_076895539_1	470c9faad9dbd2e6cc990df03d46a922	487	SUPERFAMILY	SSF53756	UDP-Glycosyltransferase/glycogen phosphorylase	36	487	1.81E-93	T	18-01-2026	-	-	-	-
XP_076895539_1	470c9faad9dbd2e6cc990df03d46a922	487	CDD	cd03784	GT1_Gtf-like	40	425	7.3781E-55	T	18-01-2026	IPR002213	UDP-glucuronosyl/UDP-glucosyltransferase	GO:0008194(InterPro)	Reactome:R-CEL-9840309|Reactome:R-HSA-156588|Reactome:R-HSA-189483|Reactome:R-HSA-1989781|Reactome:R-HSA-5579002|Reactome:R-HSA-5579016|Reactome:R-HSA-9623433|Reactome:R-HSA-9749641|Reactome:R-HSA-9753281|Reactome:R-HSA-9754706|Reactome:R-HSA-9757110|Reactome:R-HSA-9840309|Reactome:R-MMU-156588|Reactome:R-MMU-189483|Reactome:R-MMU-9749641|Reactome:R-MMU-9753281|Reactome:R-MMU-9754706|Reactome:R-MMU-9757110|Reactome:R-MMU-9840309|Reactome:R-RNO-156588|Reactome:R-RNO-189483|Reactome:R-RNO-9749641|Reactome:R-RNO-9753281|Reactome:R-RNO-9754706|Reactome:R-RNO-9757110|Reactome:R-RNO-9840309
XP_076895539_1	470c9faad9dbd2e6cc990df03d46a922	487	Pfam	PF00201	UDP-glucoronosyl and UDP-glucosyl transferase	280	415	1.2E-17	T	18-01-2026	IPR002213	UDP-glucuronosyl/UDP-glucosyltransferase	GO:0008194(InterPro)	Reactome:R-CEL-9840309|Reactome:R-HSA-156588|Reactome:R-HSA-189483|Reactome:R-HSA-1989781|Reactome:R-HSA-5579002|Reactome:R-HSA-5579016|Reactome:R-HSA-9623433|Reactome:R-HSA-9749641|Reactome:R-HSA-9753281|Reactome:R-HSA-9754706|Reactome:R-HSA-9757110|Reactome:R-HSA-9840309|Reactome:R-MMU-156588|Reactome:R-MMU-189483|Reactome:R-MMU-9749641|Reactome:R-MMU-9753281|Reactome:R-MMU-9754706|Reactome:R-MMU-9757110|Reactome:R-MMU-9840309|Reactome:R-RNO-156588|Reactome:R-RNO-189483|Reactome:R-RNO-9749641|Reactome:R-RNO-9753281|Reactome:R-RNO-9754706|Reactome:R-RNO-9757110|Reactome:R-RNO-9840309
XP_076925128_1	8232a5416cfe5d7680404fe808c2af93	480	CDD	cd03784	GT1_Gtf-like	9	466	5.65555E-84	T	18-01-2026	IPR002213	UDP-glucuronosyl/UDP-glucosyltransferase	GO:0008194(InterPro)	Reactome:R-CEL-9840309|Reactome:R-HSA-156588|Reactome:R-HSA-189483|Reactome:R-HSA-1989781|Reactome:R-HSA-5579002|Reactome:R-HSA-5579016|Reactome:R-HSA-9623433|Reactome:R-HSA-9749641|Reactome:R-HSA-9753281|Reactome:R-HSA-9754706|Reactome:R-HSA-9757110|Reactome:R-HSA-9840309|Reactome:R-MMU-156588|Reactome:R-MMU-189483|Reactome:R-MMU-9749641|Reactome:R-MMU-9753281|Reactome:R-MMU-9754706|Reactome:R-MMU-9757110|Reactome:R-MMU-9840309|Reactome:R-RNO-156588|Reactome:R-RNO-189483|Reactome:R-RNO-9749641|Reactome:R-RNO-9753281|Reactome:R-RNO-9754706|Reactome:R-RNO-9757110|Reactome:R-RNO-9840309
XP_076925128_1	8232a5416cfe5d7680404fe808c2af93	480	SUPERFAMILY	SSF53756	UDP-Glycosyltransferase/glycogen phosphorylase	8	469	1.57E-128	T	18-01-2026	-	-	-	-
XP_076925128_1	8232a5416cfe5d7680404fe808c2af93	480	Pfam	PF26168	Glycosyltransferase, N-terminal domain	11	135	2.0E-7	T	18-01-2026	IPR058980	Glycosyltransferase, N-terminal domain	-	-
XP_076925128_1	8232a5416cfe5d7680404fe808c2af93	480	Pfam	PF00201	UDP-glucoronosyl and UDP-glucosyl transferase	294	441	3.5E-21	T	18-01-2026	IPR002213	UDP-glucuronosyl/UDP-glucosyltransferase	GO:0008194(InterPro)	Reactome:R-CEL-9840309|Reactome:R-HSA-156588|Reactome:R-HSA-189483|Reactome:R-HSA-1989781|Reactome:R-HSA-5579002|Reactome:R-HSA-5579016|Reactome:R-HSA-9623433|Reactome:R-HSA-9749641|Reactome:R-HSA-9753281|Reactome:R-HSA-9754706|Reactome:R-HSA-9757110|Reactome:R-HSA-9840309|Reactome:R-MMU-156588|Reactome:R-MMU-189483|Reactome:R-MMU-9749641|Reactome:R-MMU-9753281|Reactome:R-MMU-9754706|Reactome:R-MMU-9757110|Reactome:R-MMU-9840309|Reactome:R-RNO-156588|Reactome:R-RNO-189483|Reactome:R-RNO-9749641|Reactome:R-RNO-9753281|Reactome:R-RNO-9754706|Reactome:R-RNO-9757110|Reactome:R-RNO-9840309
XP_076885615_1	09966f5990b0a0853654b96c0ab3f0f2	503	CDD	cd03784	GT1_Gtf-like	10	471	6.97008E-84	T	18-01-2026	IPR002213	UDP-glucuronosyl/UDP-glucosyltransferase	GO:0008194(InterPro)	Reactome:R-CEL-9840309|Reactome:R-HSA-156588|Reactome:R-HSA-189483|Reactome:R-HSA-1989781|Reactome:R-HSA-5579002|Reactome:R-HSA-5579016|Reactome:R-HSA-9623433|Reactome:R-HSA-9749641|Reactome:R-HSA-9753281|Reactome:R-HSA-9754706|Reactome:R-HSA-9757110|Reactome:R-HSA-9840309|Reactome:R-MMU-156588|Reactome:R-MMU-189483|Reactome:R-MMU-9749641|Reactome:R-MMU-9753281|Reactome:R-MMU-9754706|Reactome:R-MMU-9757110|Reactome:R-MMU-9840309|Reactome:R-RNO-156588|Reactome:R-RNO-189483|Reactome:R-RNO-9749641|Reactome:R-RNO-9753281|Reactome:R-RNO-9754706|Reactome:R-RNO-9757110|Reactome:R-RNO-9840309
XP_076885615_1	09966f5990b0a0853654b96c0ab3f0f2	503	SUPERFAMILY	SSF53756	UDP-Glycosyltransferase/glycogen phosphorylase	10	472	1.31E-116	T	18-01-2026	-	-	-	-
XP_076885615_1	09966f5990b0a0853654b96c0ab3f0f2	503	Pfam	PF00201	UDP-glucoronosyl and UDP-glucosyl transferase	268	411	1.9E-20	T	18-01-2026	IPR002213	UDP-glucuronosyl/UDP-glucosyltransferase	GO:0008194(InterPro)	Reactome:R-CEL-9840309|Reactome:R-HSA-156588|Reactome:R-HSA-189483|Reactome:R-HSA-1989781|Reactome:R-HSA-5579002|Reactome:R-HSA-5579016|Reactome:R-HSA-9623433|Reactome:R-HSA-9749641|Reactome:R-HSA-9753281|Reactome:R-HSA-9754706|Reactome:R-HSA-9757110|Reactome:R-HSA-9840309|Reactome:R-MMU-156588|Reactome:R-MMU-189483|Reactome:R-MMU-9749641|Reactome:R-MMU-9753281|Reactome:R-MMU-9754706|Reactome:R-MMU-9757110|Reactome:R-MMU-9840309|Reactome:R-RNO-156588|Reactome:R-RNO-189483|Reactome:R-RNO-9749641|Reactome:R-RNO-9753281|Reactome:R-RNO-9754706|Reactome:R-RNO-9757110|Reactome:R-RNO-9840309
XP_076897905_1	db1803e3969de99fb3e964c65a39d589	475	Phobius	SIGNAL_PEPTIDE	Signal peptide region	1	21	-	T	18-01-2026	-	-	-	-
XP_076897905_1	db1803e3969de99fb3e964c65a39d589	475	Pfam	PF26168	Glycosyltransferase, N-terminal domain	13	135	2.5E-5	T	18-01-2026	IPR058980	Glycosyltransferase, N-terminal domain	-	-
XP_076897905_1	db1803e3969de99fb3e964c65a39d589	475	Phobius	SIGNAL_PEPTIDE_C_REGION	C-terminal region of a signal peptide.	18	21	-	T	18-01-2026	-	-	-	-
XP_076897905_1	db1803e3969de99fb3e964c65a39d589	475	SUPERFAMILY	SSF53756	UDP-Glycosyltransferase/glycogen phosphorylase	9	457	5.14E-134	T	18-01-2026	-	-	-	-
XP_076897905_1	db1803e3969de99fb3e964c65a39d589	475	CDD	cd03784	GT1_Gtf-like	10	459	8.3525E-92	T	18-01-2026	IPR002213	UDP-glucuronosyl/UDP-glucosyltransferase	GO:0008194(InterPro)	Reactome:R-CEL-9840309|Reactome:R-HSA-156588|Reactome:R-HSA-189483|Reactome:R-HSA-1989781|Reactome:R-HSA-5579002|Reactome:R-HSA-5579016|Reactome:R-HSA-9623433|Reactome:R-HSA-9749641|Reactome:R-HSA-9753281|Reactome:R-HSA-9754706|Reactome:R-HSA-9757110|Reactome:R-HSA-9840309|Reactome:R-MMU-156588|Reactome:R-MMU-189483|Reactome:R-MMU-9749641|Reactome:R-MMU-9753281|Reactome:R-MMU-9754706|Reactome:R-MMU-9757110|Reactome:R-MMU-9840309|Reactome:R-RNO-156588|Reactome:R-RNO-189483|Reactome:R-RNO-9749641|Reactome:R-RNO-9753281|Reactome:R-RNO-9754706|Reactome:R-RNO-9757110|Reactome:R-RNO-9840309
XP_076897905_1	db1803e3969de99fb3e964c65a39d589	475	Phobius	NON_CYTOPLASMIC_DOMAIN	Region of a membrane-bound protein predicted to be outside the membrane, in the extracellular region.	22	475	-	T	18-01-2026	-	-	-	-
XP_076897905_1	db1803e3969de99fb3e964c65a39d589	475	Phobius	SIGNAL_PEPTIDE_N_REGION	N-terminal region of a signal peptide.	1	9	-	T	18-01-2026	-	-	-	-
XP_076897905_1	db1803e3969de99fb3e964c65a39d589	475	Phobius	SIGNAL_PEPTIDE_H_REGION	Hydrophobic region of a signal peptide.	10	17	-	T	18-01-2026	-	-	-	-
XP_076897905_1	db1803e3969de99fb3e964c65a39d589	475	Pfam	PF00201	UDP-glucoronosyl and UDP-glucosyl transferase	227	443	3.8E-25	T	18-01-2026	IPR002213	UDP-glucuronosyl/UDP-glucosyltransferase	GO:0008194(InterPro)	Reactome:R-CEL-9840309|Reactome:R-HSA-156588|Reactome:R-HSA-189483|Reactome:R-HSA-1989781|Reactome:R-HSA-5579002|Reactome:R-HSA-5579016|Reactome:R-HSA-9623433|Reactome:R-HSA-9749641|Reactome:R-HSA-9753281|Reactome:R-HSA-9754706|Reactome:R-HSA-9757110|Reactome:R-HSA-9840309|Reactome:R-MMU-156588|Reactome:R-MMU-189483|Reactome:R-MMU-9749641|Reactome:R-MMU-9753281|Reactome:R-MMU-9754706|Reactome:R-MMU-9757110|Reactome:R-MMU-9840309|Reactome:R-RNO-156588|Reactome:R-RNO-189483|Reactome:R-RNO-9749641|Reactome:R-RNO-9753281|Reactome:R-RNO-9754706|Reactome:R-RNO-9757110|Reactome:R-RNO-9840309
XP_076907620_1	ff974edf63651ce1da2135bd2113f593	464	CDD	cd03784	GT1_Gtf-like	11	439	1.84489E-60	T	18-01-2026	IPR002213	UDP-glucuronosyl/UDP-glucosyltransferase	GO:0008194(InterPro)	Reactome:R-CEL-9840309|Reactome:R-HSA-156588|Reactome:R-HSA-189483|Reactome:R-HSA-1989781|Reactome:R-HSA-5579002|Reactome:R-HSA-5579016|Reactome:R-HSA-9623433|Reactome:R-HSA-9749641|Reactome:R-HSA-9753281|Reactome:R-HSA-9754706|Reactome:R-HSA-9757110|Reactome:R-HSA-9840309|Reactome:R-MMU-156588|Reactome:R-MMU-189483|Reactome:R-MMU-9749641|Reactome:R-MMU-9753281|Reactome:R-MMU-9754706|Reactome:R-MMU-9757110|Reactome:R-MMU-9840309|Reactome:R-RNO-156588|Reactome:R-RNO-189483|Reactome:R-RNO-9749641|Reactome:R-RNO-9753281|Reactome:R-RNO-9754706|Reactome:R-RNO-9757110|Reactome:R-RNO-9840309
XP_076907620_1	ff974edf63651ce1da2135bd2113f593	464	Pfam	PF00201	UDP-glucoronosyl and UDP-glucosyl transferase	263	389	6.1E-14	T	18-01-2026	IPR002213	UDP-glucuronosyl/UDP-glucosyltransferase	GO:0008194(InterPro)	Reactome:R-CEL-9840309|Reactome:R-HSA-156588|Reactome:R-HSA-189483|Reactome:R-HSA-1989781|Reactome:R-HSA-5579002|Reactome:R-HSA-5579016|Reactome:R-HSA-9623433|Reactome:R-HSA-9749641|Reactome:R-HSA-9753281|Reactome:R-HSA-9754706|Reactome:R-HSA-9757110|Reactome:R-HSA-9840309|Reactome:R-MMU-156588|Reactome:R-MMU-189483|Reactome:R-MMU-9749641|Reactome:R-MMU-9753281|Reactome:R-MMU-9754706|Reactome:R-MMU-9757110|Reactome:R-MMU-9840309|Reactome:R-RNO-156588|Reactome:R-RNO-189483|Reactome:R-RNO-9749641|Reactome:R-RNO-9753281|Reactome:R-RNO-9754706|Reactome:R-RNO-9757110|Reactome:R-RNO-9840309
XP_076907620_1	ff974edf63651ce1da2135bd2113f593	464	SUPERFAMILY	SSF53756	UDP-Glycosyltransferase/glycogen phosphorylase	10	463	2.59E-94	T	18-01-2026	-	-	-	-
XP_076907620_1	ff974edf63651ce1da2135bd2113f593	464	Pfam	PF26168	Glycosyltransferase, N-terminal domain	8	239	5.3E-64	T	18-01-2026	IPR058980	Glycosyltransferase, N-terminal domain	-	-
